region;dist;ind;nb_NS;nb_0fold;nb_cds;nb_mut_0fold;nb_mut_0fold_het;nb_NS_SNPeff;nb_NS_SNPeff_het;nb_del_SIFT;nb_del_SIFT_het
Slocus_ARK3;72530;10-m;0;0;952;NA;NA;NA;NA;0;0
Slocus_ARK3;72530;12-m;0;0;952;NA;NA;NA;NA;0;0
Slocus_ARK3;72530;12-p;0;0;952;NA;NA;NA;NA;0;0
Slocus_ARK3;72530;17-m;0;0;952;NA;NA;NA;NA;0;0
Slocus_ARK3;72530;17-p;0;0;952;NA;NA;NA;NA;0;0
Slocus_ARK3;72530;191-m;0;0;952;NA;NA;NA;NA;0;0
Slocus_ARK3;72530;191-p;0;0;952;NA;NA;NA;NA;0;0
Slocus_ARK3;72530;205-m;0;0;952;NA;NA;NA;NA;0;0
Slocus_ARK3;72530;205-p;0;0;952;NA;NA;NA;NA;0;0
Slocus_ARK3;72530;206-m;0;0;952;NA;NA;NA;NA;0;0
Slocus_ARK3;72530;206-p;0;0;952;NA;NA;NA;NA;0;0
Slocus_ARK3;72530;208-m;0;0;952;NA;NA;NA;NA;0;0
Slocus_ARK3;72530;208-p;0;0;952;NA;NA;NA;NA;0;0
Slocus_ARK3;72530;266-m;0;0;952;NA;NA;NA;NA;0;0
Slocus_ARK3;72530;266-p;0;0;952;NA;NA;NA;NA;0;0
Slocus_ARK3;72530;46-m;0;0;952;NA;NA;NA;NA;0;0
Slocus_ARK3;72530;46-p;0;0;952;NA;NA;NA;NA;0;0
Slocus_ARK3;72530;47-m;0;0;952;NA;NA;NA;NA;0;0
Slocus_ARK3;72530;48-m;0;0;952;NA;NA;NA;NA;0;0
Slocus_ARK3;72530;48-p;0;0;952;NA;NA;NA;NA;0;0
Slocus_ARK3;72530;50-m;0;0;952;NA;NA;NA;NA;0;0
Slocus_ARK3;72530;50-p;0;0;952;NA;NA;NA;NA;0;0
Slocus_ARK3;72530;51-m;0;0;952;NA;NA;NA;NA;0;0
Slocus_ARK3;72530;51-p;0;0;952;NA;NA;NA;NA;0;0
Slocus_ARK3;72530;55-m;0;0;952;NA;NA;NA;NA;0;0
Slocus_ARK3;70029;10-m;0;0;668;NA;NA;NA;NA;0;0
Slocus_ARK3;70029;12-m;0;0;668;NA;NA;NA;NA;0;0
Slocus_ARK3;70029;12-p;0;0;668;NA;NA;NA;NA;0;0
Slocus_ARK3;70029;17-m;0;0;668;NA;NA;NA;NA;0;0
Slocus_ARK3;70029;17-p;0;0;668;NA;NA;NA;NA;0;0
Slocus_ARK3;70029;191-m;0;0;668;NA;NA;NA;NA;0;0
Slocus_ARK3;70029;191-p;0;0;668;NA;NA;NA;NA;0;0
Slocus_ARK3;70029;205-m;0;0;668;NA;NA;NA;NA;0;0
Slocus_ARK3;70029;205-p;0;0;668;NA;NA;NA;NA;0;0
Slocus_ARK3;70029;206-m;0;0;668;NA;NA;NA;NA;0;0
Slocus_ARK3;70029;206-p;0;0;668;NA;NA;NA;NA;0;0
Slocus_ARK3;70029;208-m;0;0;668;NA;NA;NA;NA;0;0
Slocus_ARK3;70029;208-p;0;0;668;NA;NA;NA;NA;0;0
Slocus_ARK3;70029;266-m;0;0;668;NA;NA;NA;NA;0;0
Slocus_ARK3;70029;266-p;0;0;668;NA;NA;NA;NA;0;0
Slocus_ARK3;70029;46-m;0;0;668;NA;NA;NA;NA;0;0
Slocus_ARK3;70029;46-p;0;0;668;NA;NA;NA;NA;0;0
Slocus_ARK3;70029;47-m;0;0;668;NA;NA;NA;NA;0;0
Slocus_ARK3;70029;48-m;0;0;668;NA;NA;NA;NA;0;0
Slocus_ARK3;70029;48-p;0;0;668;NA;NA;NA;NA;0;0
Slocus_ARK3;70029;50-m;0;0;668;NA;NA;NA;NA;0;0
Slocus_ARK3;70029;50-p;0;0;668;NA;NA;NA;NA;0;0
Slocus_ARK3;70029;51-m;0;0;668;NA;NA;NA;NA;0;0
Slocus_ARK3;70029;51-p;0;0;668;NA;NA;NA;NA;0;0
Slocus_ARK3;70029;55-m;0;0;668;NA;NA;NA;NA;0;0
Slocus_ARK3;67528;10-m;0;0;0;NA;NA;NA;NA;NA;NA
Slocus_ARK3;67528;12-m;0;0;0;NA;NA;NA;NA;NA;NA
Slocus_ARK3;67528;12-p;0;0;0;NA;NA;NA;NA;NA;NA
Slocus_ARK3;67528;17-m;0;0;0;NA;NA;NA;NA;NA;NA
Slocus_ARK3;67528;17-p;0;0;0;NA;NA;NA;NA;NA;NA
Slocus_ARK3;67528;191-m;0;0;0;NA;NA;NA;NA;NA;NA
Slocus_ARK3;67528;191-p;0;0;0;NA;NA;NA;NA;NA;NA
Slocus_ARK3;67528;205-m;0;0;0;NA;NA;NA;NA;NA;NA
Slocus_ARK3;67528;205-p;0;0;0;NA;NA;NA;NA;NA;NA
Slocus_ARK3;67528;206-m;0;0;0;NA;NA;NA;NA;NA;NA
Slocus_ARK3;67528;206-p;0;0;0;NA;NA;NA;NA;NA;NA
Slocus_ARK3;67528;208-m;0;0;0;NA;NA;NA;NA;NA;NA
Slocus_ARK3;67528;208-p;0;0;0;NA;NA;NA;NA;NA;NA
Slocus_ARK3;67528;266-m;0;0;0;NA;NA;NA;NA;NA;NA
Slocus_ARK3;67528;266-p;0;0;0;NA;NA;NA;NA;NA;NA
Slocus_ARK3;67528;46-m;0;0;0;NA;NA;NA;NA;NA;NA
Slocus_ARK3;67528;46-p;0;0;0;NA;NA;NA;NA;NA;NA
Slocus_ARK3;67528;47-m;0;0;0;NA;NA;NA;NA;NA;NA
Slocus_ARK3;67528;48-m;0;0;0;NA;NA;NA;NA;NA;NA
Slocus_ARK3;67528;48-p;0;0;0;NA;NA;NA;NA;NA;NA
Slocus_ARK3;67528;50-m;0;0;0;NA;NA;NA;NA;NA;NA
Slocus_ARK3;67528;50-p;0;0;0;NA;NA;NA;NA;NA;NA
Slocus_ARK3;67528;51-m;0;0;0;NA;NA;NA;NA;NA;NA
Slocus_ARK3;67528;51-p;0;0;0;NA;NA;NA;NA;NA;NA
Slocus_ARK3;67528;55-m;0;0;0;NA;NA;NA;NA;NA;NA
Slocus_ARK3;65027;10-m;0;0;939;NA;NA;NA;NA;0;0
Slocus_ARK3;65027;12-m;0;0;939;NA;NA;NA;NA;0;0
Slocus_ARK3;65027;12-p;0;0;939;NA;NA;NA;NA;0;0
Slocus_ARK3;65027;17-m;0;0;939;NA;NA;NA;NA;0;0
Slocus_ARK3;65027;17-p;0;0;939;NA;NA;NA;NA;0;0
Slocus_ARK3;65027;191-m;0;0;939;NA;NA;NA;NA;0;0
Slocus_ARK3;65027;191-p;0;0;939;NA;NA;NA;NA;0;0
Slocus_ARK3;65027;205-m;0;0;939;NA;NA;NA;NA;0;0
Slocus_ARK3;65027;205-p;0;0;939;NA;NA;NA;NA;0;0
Slocus_ARK3;65027;206-m;0;0;939;NA;NA;NA;NA;0;0
Slocus_ARK3;65027;206-p;0;0;939;NA;NA;NA;NA;0;0
Slocus_ARK3;65027;208-m;0;0;939;NA;NA;NA;NA;0;0
Slocus_ARK3;65027;208-p;0;0;939;NA;NA;NA;NA;0;0
Slocus_ARK3;65027;266-m;0;0;939;NA;NA;NA;NA;0;0
Slocus_ARK3;65027;266-p;0;0;939;NA;NA;NA;NA;0;0
Slocus_ARK3;65027;46-m;0;0;939;NA;NA;NA;NA;0;0
Slocus_ARK3;65027;46-p;0;0;939;NA;NA;NA;NA;0;0
Slocus_ARK3;65027;47-m;0;0;939;NA;NA;NA;NA;0;0
Slocus_ARK3;65027;48-m;0;0;939;NA;NA;NA;NA;0;0
Slocus_ARK3;65027;48-p;0;0;939;NA;NA;NA;NA;0;0
Slocus_ARK3;65027;50-m;0;0;939;NA;NA;NA;NA;0;0
Slocus_ARK3;65027;50-p;0;0;939;NA;NA;NA;NA;0;0
Slocus_ARK3;65027;51-m;0;0;939;NA;NA;NA;NA;0;0
Slocus_ARK3;65027;51-p;0;0;939;NA;NA;NA;NA;0;0
Slocus_ARK3;65027;55-m;0;0;939;NA;NA;NA;NA;0;0
Slocus_ARK3;62526;10-m;0;0;914;NA;NA;NA;NA;0;0
Slocus_ARK3;62526;12-m;0;0;914;NA;NA;NA;NA;0;0
Slocus_ARK3;62526;12-p;0;0;914;NA;NA;NA;NA;0;0
Slocus_ARK3;62526;17-m;0;0;914;NA;NA;NA;NA;0;0
Slocus_ARK3;62526;17-p;0;0;914;NA;NA;NA;NA;0;0
Slocus_ARK3;62526;191-m;0;0;914;NA;NA;NA;NA;0;0
Slocus_ARK3;62526;191-p;0;0;914;NA;NA;NA;NA;0;0
Slocus_ARK3;62526;205-m;0;0;914;NA;NA;NA;NA;0;0
Slocus_ARK3;62526;205-p;0;0;914;NA;NA;NA;NA;0;0
Slocus_ARK3;62526;206-m;0;0;914;NA;NA;NA;NA;0;0
Slocus_ARK3;62526;206-p;0;0;914;NA;NA;NA;NA;0;0
Slocus_ARK3;62526;208-m;0;0;914;NA;NA;NA;NA;0;0
Slocus_ARK3;62526;208-p;0;0;914;NA;NA;NA;NA;0;0
Slocus_ARK3;62526;266-m;0;0;914;NA;NA;NA;NA;0;0
Slocus_ARK3;62526;266-p;0;0;914;NA;NA;NA;NA;0;0
Slocus_ARK3;62526;46-m;0;0;914;NA;NA;NA;NA;0;0
Slocus_ARK3;62526;46-p;0;0;914;NA;NA;NA;NA;0;0
Slocus_ARK3;62526;47-m;0;0;914;NA;NA;NA;NA;0;0
Slocus_ARK3;62526;48-m;0;0;914;NA;NA;NA;NA;0;0
Slocus_ARK3;62526;48-p;0;0;914;NA;NA;NA;NA;0;0
Slocus_ARK3;62526;50-m;0;0;914;NA;NA;NA;NA;0;0
Slocus_ARK3;62526;50-p;0;0;914;NA;NA;NA;NA;0;0
Slocus_ARK3;62526;51-m;0;0;914;NA;NA;NA;NA;0;0
Slocus_ARK3;62526;51-p;0;0;914;NA;NA;NA;NA;0;0
Slocus_ARK3;62526;55-m;0;0;914;NA;NA;NA;NA;0;0
Slocus_ARK3;60025;10-m;1359.7599999999998;1138;1740;6;0;2;0;0;0
Slocus_ARK3;60025;12-m;1359.7599999999998;1138;1740;6;0;2;0;0;0
Slocus_ARK3;60025;12-p;1359.7599999999998;1138;1740;6;0;2;0;0;0
Slocus_ARK3;60025;17-m;1359.7599999999998;1138;1740;6;2;3;1;0;0
Slocus_ARK3;60025;17-p;1359.7599999999998;1138;1740;6;2;3;1;0;0
Slocus_ARK3;60025;191-m;1359.7599999999998;1138;1740;6;2;3;1;0;0
Slocus_ARK3;60025;191-p;1359.7599999999998;1138;1740;6;0;2;0;0;0
Slocus_ARK3;60025;205-m;1359.7599999999998;1138;1740;6;2;3;1;0;0
Slocus_ARK3;60025;205-p;1359.7599999999998;1138;1740;6;0;2;0;0;0
Slocus_ARK3;60025;206-m;1359.7599999999998;1138;1740;8;4;5;3;0;0
Slocus_ARK3;60025;206-p;1359.7599999999998;1138;1740;6;0;2;0;0;0
Slocus_ARK3;60025;208-m;1359.7599999999998;1138;1740;6;0;2;0;0;0
Slocus_ARK3;60025;208-p;1359.7599999999998;1138;1740;6;0;4;0;0;0
Slocus_ARK3;60025;266-m;1359.7599999999998;1138;1740;6;0;2;0;0;0
Slocus_ARK3;60025;266-p;1359.7599999999998;1138;1740;6;2;3;1;0;0
Slocus_ARK3;60025;46-m;1359.7599999999998;1138;1740;6;0;2;0;0;0
Slocus_ARK3;60025;46-p;1359.7599999999998;1138;1740;6;2;3;1;0;0
Slocus_ARK3;60025;47-m;1359.7599999999998;1138;1740;6;0;2;0;0;0
Slocus_ARK3;60025;48-m;1359.7599999999998;1138;1740;6;0;2;0;0;0
Slocus_ARK3;60025;48-p;1359.7599999999998;1138;1740;6;0;2;0;0;0
Slocus_ARK3;60025;50-m;1359.7599999999998;1138;1740;4;2;1;1;0;0
Slocus_ARK3;60025;50-p;1359.7599999999998;1138;1740;6;0;2;0;0;0
Slocus_ARK3;60025;51-m;1359.7599999999998;1138;1740;6;0;2;0;0;0
Slocus_ARK3;60025;51-p;1359.7599999999998;1138;1740;8;2;4;2;0;0
Slocus_ARK3;60025;55-m;1359.7599999999998;1138;1740;6;2;3;1;0;0
Slocus_ARK3;57524;10-m;1355.4399999999998;1102;934;5;3;2;2;0;0
Slocus_ARK3;57524;12-m;1355.4399999999998;1102;934;3;1;0;0;0;0
Slocus_ARK3;57524;12-p;1355.4399999999998;1102;934;5;3;1;1;0;0
Slocus_ARK3;57524;17-m;1355.4399999999998;1102;934;5;3;1;1;0;0
Slocus_ARK3;57524;17-p;1355.4399999999998;1102;934;5;3;1;1;0;0
Slocus_ARK3;57524;191-m;1355.4399999999998;1102;934;4;2;1;1;0;0
Slocus_ARK3;57524;191-p;1355.4399999999998;1102;934;9;1;3;1;0;0
Slocus_ARK3;57524;205-m;1355.4399999999998;1102;934;4;2;1;1;0;0
Slocus_ARK3;57524;205-p;1355.4399999999998;1102;934;3;1;0;0;0;0
Slocus_ARK3;57524;206-m;1355.4399999999998;1102;934;3;1;0;0;0;0
Slocus_ARK3;57524;206-p;1355.4399999999998;1102;934;6;4;2;2;0;0
Slocus_ARK3;57524;208-m;1355.4399999999998;1102;934;10;0;4;0;0;0
Slocus_ARK3;57524;208-p;1355.4399999999998;1102;934;2;0;0;0;0;0
Slocus_ARK3;57524;266-m;1355.4399999999998;1102;934;5;3;1;1;0;0
Slocus_ARK3;57524;266-p;1355.4399999999998;1102;934;4;2;1;1;0;0
Slocus_ARK3;57524;46-m;1355.4399999999998;1102;934;8;2;2;2;0;0
Slocus_ARK3;57524;46-p;1355.4399999999998;1102;934;2;0;0;0;0;0
Slocus_ARK3;57524;47-m;1355.4399999999998;1102;934;8;0;2;0;0;0
Slocus_ARK3;57524;48-m;1355.4399999999998;1102;934;9;1;3;1;0;0
Slocus_ARK3;57524;48-p;1355.4399999999998;1102;934;6;4;2;2;0;0
Slocus_ARK3;57524;50-m;1355.4399999999998;1102;934;8;6;3;3;0;0
Slocus_ARK3;57524;50-p;1355.4399999999998;1102;934;2;0;0;0;0;0
Slocus_ARK3;57524;51-m;1355.4399999999998;1102;934;6;4;2;2;0;0
Slocus_ARK3;57524;51-p;1355.4399999999998;1102;934;9;1;3;1;0;0
Slocus_ARK3;57524;55-m;1355.4399999999998;1102;934;5;3;1;1;0;0
Slocus_ARK3;55023;10-m;859.9600000000014;724;641;6;2;1;1;0;0
Slocus_ARK3;55023;12-m;859.9600000000014;724;641;4;0;0;0;0;0
Slocus_ARK3;55023;12-p;859.9600000000014;724;641;4;0;0;0;0;0
Slocus_ARK3;55023;17-m;859.9600000000014;724;641;2;0;0;0;0;0
Slocus_ARK3;55023;17-p;859.9600000000014;724;641;3;1;0;0;0;0
Slocus_ARK3;55023;191-m;859.9600000000014;724;641;4;0;0;0;0;0
Slocus_ARK3;55023;191-p;859.9600000000014;724;641;5;1;0;0;0;0
Slocus_ARK3;55023;205-m;859.9600000000014;724;641;3;1;0;0;0;0
Slocus_ARK3;55023;205-p;859.9600000000014;724;641;4;2;0;0;0;0
Slocus_ARK3;55023;206-m;859.9600000000014;724;641;3;1;0;0;0;0
Slocus_ARK3;55023;206-p;859.9600000000014;724;641;7;1;1;1;0;0
Slocus_ARK3;55023;208-m;859.9600000000014;724;641;4;0;0;0;0;0
Slocus_ARK3;55023;208-p;859.9600000000014;724;641;4;0;0;0;0;0
Slocus_ARK3;55023;266-m;859.9600000000014;724;641;4;0;0;0;0;0
Slocus_ARK3;55023;266-p;859.9600000000014;724;641;3;1;0;0;0;0
Slocus_ARK3;55023;46-m;859.9600000000014;724;641;4;0;0;0;0;0
Slocus_ARK3;55023;46-p;859.9600000000014;724;641;2;0;0;0;0;0
Slocus_ARK3;55023;47-m;859.9600000000014;724;641;2;0;0;0;0;0
Slocus_ARK3;55023;48-m;859.9600000000014;724;641;4;0;0;0;0;0
Slocus_ARK3;55023;48-p;859.9600000000014;724;641;6;0;0;0;0;0
Slocus_ARK3;55023;50-m;859.9600000000014;724;641;4;2;0;0;0;0
Slocus_ARK3;55023;50-p;859.9600000000014;724;641;2;0;0;0;0;0
Slocus_ARK3;55023;51-m;859.9600000000014;724;641;4;0;0;0;0;0
Slocus_ARK3;55023;51-p;859.9600000000014;724;641;5;1;0;0;0;0
Slocus_ARK3;55023;55-m;859.9600000000014;724;641;4;2;0;0;0;0
Slocus_ARK3;52522;10-m;680.5600000000009;538;460;2;0;2;0;0;0
Slocus_ARK3;52522;12-m;680.5600000000009;538;460;2;0;2;0;0;0
Slocus_ARK3;52522;12-p;680.5600000000009;538;460;2;0;2;0;0;0
Slocus_ARK3;52522;17-m;680.5600000000009;538;460;2;0;2;0;0;0
Slocus_ARK3;52522;17-p;680.5600000000009;538;460;2;0;2;0;0;0
Slocus_ARK3;52522;191-m;680.5600000000009;538;460;2;0;2;0;0;0
Slocus_ARK3;52522;191-p;680.5600000000009;538;460;2;0;2;0;0;0
Slocus_ARK3;52522;205-m;680.5600000000009;538;460;2;0;2;0;0;0
Slocus_ARK3;52522;205-p;680.5600000000009;538;460;4;0;4;0;0;0
Slocus_ARK3;52522;206-m;680.5600000000009;538;460;2;0;2;0;0;0
Slocus_ARK3;52522;206-p;680.5600000000009;538;460;2;0;2;0;0;0
Slocus_ARK3;52522;208-m;680.5600000000009;538;460;2;0;2;0;0;0
Slocus_ARK3;52522;208-p;680.5600000000009;538;460;2;0;2;0;0;0
Slocus_ARK3;52522;266-m;680.5600000000009;538;460;2;0;2;0;0;0
Slocus_ARK3;52522;266-p;680.5600000000009;538;460;2;0;2;0;0;0
Slocus_ARK3;52522;46-m;680.5600000000009;538;460;2;0;2;0;0;0
Slocus_ARK3;52522;46-p;680.5600000000009;538;460;0;0;0;0;0;0
Slocus_ARK3;52522;47-m;680.5600000000009;538;460;4;0;4;0;0;0
Slocus_ARK3;52522;48-m;680.5600000000009;538;460;1;1;1;1;0;0
Slocus_ARK3;52522;48-p;680.5600000000009;538;460;2;0;2;0;0;0
Slocus_ARK3;52522;50-m;680.5600000000009;538;460;2;0;2;0;0;0
Slocus_ARK3;52522;50-p;680.5600000000009;538;460;2;0;2;0;0;0
Slocus_ARK3;52522;51-m;680.5600000000009;538;460;2;0;2;0;0;0
Slocus_ARK3;52522;51-p;680.5600000000009;538;460;2;0;2;0;0;0
Slocus_ARK3;52522;55-m;680.5600000000009;538;460;3;1;3;1;0;0
Slocus_ARK3;50021;10-m;0;0;0;NA;NA;NA;NA;NA;NA
Slocus_ARK3;50021;12-m;0;0;0;NA;NA;NA;NA;NA;NA
Slocus_ARK3;50021;12-p;0;0;0;NA;NA;NA;NA;NA;NA
Slocus_ARK3;50021;17-m;0;0;0;NA;NA;NA;NA;NA;NA
Slocus_ARK3;50021;17-p;0;0;0;NA;NA;NA;NA;NA;NA
Slocus_ARK3;50021;191-m;0;0;0;NA;NA;NA;NA;NA;NA
Slocus_ARK3;50021;191-p;0;0;0;NA;NA;NA;NA;NA;NA
Slocus_ARK3;50021;205-m;0;0;0;NA;NA;NA;NA;NA;NA
Slocus_ARK3;50021;205-p;0;0;0;NA;NA;NA;NA;NA;NA
Slocus_ARK3;50021;206-m;0;0;0;NA;NA;NA;NA;NA;NA
Slocus_ARK3;50021;206-p;0;0;0;NA;NA;NA;NA;NA;NA
Slocus_ARK3;50021;208-m;0;0;0;NA;NA;NA;NA;NA;NA
Slocus_ARK3;50021;208-p;0;0;0;NA;NA;NA;NA;NA;NA
Slocus_ARK3;50021;266-m;0;0;0;NA;NA;NA;NA;NA;NA
Slocus_ARK3;50021;266-p;0;0;0;NA;NA;NA;NA;NA;NA
Slocus_ARK3;50021;46-m;0;0;0;NA;NA;NA;NA;NA;NA
Slocus_ARK3;50021;46-p;0;0;0;NA;NA;NA;NA;NA;NA
Slocus_ARK3;50021;47-m;0;0;0;NA;NA;NA;NA;NA;NA
Slocus_ARK3;50021;48-m;0;0;0;NA;NA;NA;NA;NA;NA
Slocus_ARK3;50021;48-p;0;0;0;NA;NA;NA;NA;NA;NA
Slocus_ARK3;50021;50-m;0;0;0;NA;NA;NA;NA;NA;NA
Slocus_ARK3;50021;50-p;0;0;0;NA;NA;NA;NA;NA;NA
Slocus_ARK3;50021;51-m;0;0;0;NA;NA;NA;NA;NA;NA
Slocus_ARK3;50021;51-p;0;0;0;NA;NA;NA;NA;NA;NA
Slocus_ARK3;50021;55-m;0;0;0;NA;NA;NA;NA;NA;NA
Slocus_ARK3;47520;10-m;0;0;0;NA;NA;NA;NA;NA;NA
Slocus_ARK3;47520;12-m;0;0;0;NA;NA;NA;NA;NA;NA
Slocus_ARK3;47520;12-p;0;0;0;NA;NA;NA;NA;NA;NA
Slocus_ARK3;47520;17-m;0;0;0;NA;NA;NA;NA;NA;NA
Slocus_ARK3;47520;17-p;0;0;0;NA;NA;NA;NA;NA;NA
Slocus_ARK3;47520;191-m;0;0;0;NA;NA;NA;NA;NA;NA
Slocus_ARK3;47520;191-p;0;0;0;NA;NA;NA;NA;NA;NA
Slocus_ARK3;47520;205-m;0;0;0;NA;NA;NA;NA;NA;NA
Slocus_ARK3;47520;205-p;0;0;0;NA;NA;NA;NA;NA;NA
Slocus_ARK3;47520;206-m;0;0;0;NA;NA;NA;NA;NA;NA
Slocus_ARK3;47520;206-p;0;0;0;NA;NA;NA;NA;NA;NA
Slocus_ARK3;47520;208-m;0;0;0;NA;NA;NA;NA;NA;NA
Slocus_ARK3;47520;208-p;0;0;0;NA;NA;NA;NA;NA;NA
Slocus_ARK3;47520;266-m;0;0;0;NA;NA;NA;NA;NA;NA
Slocus_ARK3;47520;266-p;0;0;0;NA;NA;NA;NA;NA;NA
Slocus_ARK3;47520;46-m;0;0;0;NA;NA;NA;NA;NA;NA
Slocus_ARK3;47520;46-p;0;0;0;NA;NA;NA;NA;NA;NA
Slocus_ARK3;47520;47-m;0;0;0;NA;NA;NA;NA;NA;NA
Slocus_ARK3;47520;48-m;0;0;0;NA;NA;NA;NA;NA;NA
Slocus_ARK3;47520;48-p;0;0;0;NA;NA;NA;NA;NA;NA
Slocus_ARK3;47520;50-m;0;0;0;NA;NA;NA;NA;NA;NA
Slocus_ARK3;47520;50-p;0;0;0;NA;NA;NA;NA;NA;NA
Slocus_ARK3;47520;51-m;0;0;0;NA;NA;NA;NA;NA;NA
Slocus_ARK3;47520;51-p;0;0;0;NA;NA;NA;NA;NA;NA
Slocus_ARK3;47520;55-m;0;0;0;NA;NA;NA;NA;NA;NA
Slocus_ARK3;45019;10-m;214.31999999999988;180;132;0;0;0;0;0;0
Slocus_ARK3;45019;12-m;214.31999999999988;180;132;0;0;0;0;0;0
Slocus_ARK3;45019;12-p;214.31999999999988;180;132;0;0;0;0;0;0
Slocus_ARK3;45019;17-m;214.31999999999988;180;132;0;0;0;0;0;0
Slocus_ARK3;45019;17-p;214.31999999999988;180;132;0;0;0;0;0;0
Slocus_ARK3;45019;191-m;214.31999999999988;180;132;0;0;0;0;0;0
Slocus_ARK3;45019;191-p;214.31999999999988;180;132;0;0;0;0;0;0
Slocus_ARK3;45019;205-m;214.31999999999988;180;132;0;0;0;0;0;0
Slocus_ARK3;45019;205-p;214.31999999999988;180;132;0;0;0;0;0;0
Slocus_ARK3;45019;206-m;214.31999999999988;180;132;0;0;0;0;0;0
Slocus_ARK3;45019;206-p;214.31999999999988;180;132;0;0;0;0;0;0
Slocus_ARK3;45019;208-m;214.31999999999988;180;132;0;0;0;0;0;0
Slocus_ARK3;45019;208-p;214.31999999999988;180;132;0;0;0;0;0;0
Slocus_ARK3;45019;266-m;214.31999999999988;180;132;0;0;0;0;0;0
Slocus_ARK3;45019;266-p;214.31999999999988;180;132;0;0;0;0;0;0
Slocus_ARK3;45019;46-m;214.31999999999988;180;132;0;0;0;0;0;0
Slocus_ARK3;45019;46-p;214.31999999999988;180;132;0;0;0;0;0;0
Slocus_ARK3;45019;47-m;214.31999999999988;180;132;0;0;0;0;0;0
Slocus_ARK3;45019;48-m;214.31999999999988;180;132;0;0;0;0;0;0
Slocus_ARK3;45019;48-p;214.31999999999988;180;132;0;0;0;0;0;0
Slocus_ARK3;45019;50-m;214.31999999999988;180;132;0;0;0;0;0;0
Slocus_ARK3;45019;50-p;214.31999999999988;180;132;0;0;0;0;0;0
Slocus_ARK3;45019;51-m;214.31999999999988;180;132;0;0;0;0;0;0
Slocus_ARK3;45019;51-p;214.31999999999988;180;132;0;0;0;0;0;0
Slocus_ARK3;45019;55-m;214.31999999999988;180;132;0;0;0;0;0;0
Slocus_ARK3;42518;10-m;1302.8400000000004;1056;917;22;0;11;1;1;1
Slocus_ARK3;42518;12-m;1302.8400000000004;1056;917;22;2;13;3;1;1
Slocus_ARK3;42518;12-p;1302.8400000000004;1056;917;9;1;3;1;0;0
Slocus_ARK3;42518;17-m;1302.8400000000004;1056;917;23;1;12;0;0;0
Slocus_ARK3;42518;17-p;1302.8400000000004;1056;917;24;0;12;0;0;0
Slocus_ARK3;42518;191-m;1302.8400000000004;1056;917;22;2;13;3;1;1
Slocus_ARK3;42518;191-p;1302.8400000000004;1056;917;26;2;14;2;0;0
Slocus_ARK3;42518;205-m;1302.8400000000004;1056;917;23;1;13;1;0;0
Slocus_ARK3;42518;205-p;1302.8400000000004;1056;917;20;2;12;2;1;1
Slocus_ARK3;42518;206-m;1302.8400000000004;1056;917;22;0;12;0;0;0
Slocus_ARK3;42518;206-p;1302.8400000000004;1056;917;22;0;10;0;0;0
Slocus_ARK3;42518;208-m;1302.8400000000004;1056;917;22;0;12;0;2;0
Slocus_ARK3;42518;208-p;1302.8400000000004;1056;917;21;1;12;2;1;1
Slocus_ARK3;42518;266-m;1302.8400000000004;1056;917;24;2;12;2;0;0
Slocus_ARK3;42518;266-p;1302.8400000000004;1056;917;23;1;13;1;0;0
Slocus_ARK3;42518;46-m;1302.8400000000004;1056;917;11;1;4;2;1;1
Slocus_ARK3;42518;46-p;1302.8400000000004;1056;917;23;1;11;1;0;0
Slocus_ARK3;42518;47-m;1302.8400000000004;1056;917;22;0;12;0;0;0
Slocus_ARK3;42518;48-m;1302.8400000000004;1056;917;24;2;13;3;1;1
Slocus_ARK3;42518;48-p;1302.8400000000004;1056;917;22;2;13;3;1;1
Slocus_ARK3;42518;50-m;1302.8400000000004;1056;917;26;2;14;2;0;0
Slocus_ARK3;42518;50-p;1302.8400000000004;1056;917;10;0;3;1;1;1
Slocus_ARK3;42518;51-m;1302.8400000000004;1056;917;20;0;11;1;1;1
Slocus_ARK3;42518;51-p;1302.8400000000004;1056;917;25;1;13;1;0;0
Slocus_ARK3;42518;55-m;1302.8400000000004;1056;917;21;1;12;0;0;0
Slocus_ARK3;40017;10-m;0;0;0;NA;NA;NA;NA;NA;NA
Slocus_ARK3;40017;12-m;0;0;0;NA;NA;NA;NA;NA;NA
Slocus_ARK3;40017;12-p;0;0;0;NA;NA;NA;NA;NA;NA
Slocus_ARK3;40017;17-m;0;0;0;NA;NA;NA;NA;NA;NA
Slocus_ARK3;40017;17-p;0;0;0;NA;NA;NA;NA;NA;NA
Slocus_ARK3;40017;191-m;0;0;0;NA;NA;NA;NA;NA;NA
Slocus_ARK3;40017;191-p;0;0;0;NA;NA;NA;NA;NA;NA
Slocus_ARK3;40017;205-m;0;0;0;NA;NA;NA;NA;NA;NA
Slocus_ARK3;40017;205-p;0;0;0;NA;NA;NA;NA;NA;NA
Slocus_ARK3;40017;206-m;0;0;0;NA;NA;NA;NA;NA;NA
Slocus_ARK3;40017;206-p;0;0;0;NA;NA;NA;NA;NA;NA
Slocus_ARK3;40017;208-m;0;0;0;NA;NA;NA;NA;NA;NA
Slocus_ARK3;40017;208-p;0;0;0;NA;NA;NA;NA;NA;NA
Slocus_ARK3;40017;266-m;0;0;0;NA;NA;NA;NA;NA;NA
Slocus_ARK3;40017;266-p;0;0;0;NA;NA;NA;NA;NA;NA
Slocus_ARK3;40017;46-m;0;0;0;NA;NA;NA;NA;NA;NA
Slocus_ARK3;40017;46-p;0;0;0;NA;NA;NA;NA;NA;NA
Slocus_ARK3;40017;47-m;0;0;0;NA;NA;NA;NA;NA;NA
Slocus_ARK3;40017;48-m;0;0;0;NA;NA;NA;NA;NA;NA
Slocus_ARK3;40017;48-p;0;0;0;NA;NA;NA;NA;NA;NA
Slocus_ARK3;40017;50-m;0;0;0;NA;NA;NA;NA;NA;NA
Slocus_ARK3;40017;50-p;0;0;0;NA;NA;NA;NA;NA;NA
Slocus_ARK3;40017;51-m;0;0;0;NA;NA;NA;NA;NA;NA
Slocus_ARK3;40017;51-p;0;0;0;NA;NA;NA;NA;NA;NA
Slocus_ARK3;40017;55-m;0;0;0;NA;NA;NA;NA;NA;NA
Slocus_ARK3;37516;10-m;0;0;398;NA;NA;NA;NA;0;0
Slocus_ARK3;37516;12-m;0;0;398;NA;NA;NA;NA;0;0
Slocus_ARK3;37516;12-p;0;0;398;NA;NA;NA;NA;0;0
Slocus_ARK3;37516;17-m;0;0;398;NA;NA;NA;NA;0;0
Slocus_ARK3;37516;17-p;0;0;398;NA;NA;NA;NA;0;0
Slocus_ARK3;37516;191-m;0;0;398;NA;NA;NA;NA;0;0
Slocus_ARK3;37516;191-p;0;0;398;NA;NA;NA;NA;0;0
Slocus_ARK3;37516;205-m;0;0;398;NA;NA;NA;NA;0;0
Slocus_ARK3;37516;205-p;0;0;398;NA;NA;NA;NA;0;0
Slocus_ARK3;37516;206-m;0;0;398;NA;NA;NA;NA;0;0
Slocus_ARK3;37516;206-p;0;0;398;NA;NA;NA;NA;0;0
Slocus_ARK3;37516;208-m;0;0;398;NA;NA;NA;NA;0;0
Slocus_ARK3;37516;208-p;0;0;398;NA;NA;NA;NA;0;0
Slocus_ARK3;37516;266-m;0;0;398;NA;NA;NA;NA;0;0
Slocus_ARK3;37516;266-p;0;0;398;NA;NA;NA;NA;0;0
Slocus_ARK3;37516;46-m;0;0;398;NA;NA;NA;NA;0;0
Slocus_ARK3;37516;46-p;0;0;398;NA;NA;NA;NA;0;0
Slocus_ARK3;37516;47-m;0;0;398;NA;NA;NA;NA;0;0
Slocus_ARK3;37516;48-m;0;0;398;NA;NA;NA;NA;0;0
Slocus_ARK3;37516;48-p;0;0;398;NA;NA;NA;NA;0;0
Slocus_ARK3;37516;50-m;0;0;398;NA;NA;NA;NA;0;0
Slocus_ARK3;37516;50-p;0;0;398;NA;NA;NA;NA;0;0
Slocus_ARK3;37516;51-m;0;0;398;NA;NA;NA;NA;0;0
Slocus_ARK3;37516;51-p;0;0;398;NA;NA;NA;NA;0;0
Slocus_ARK3;37516;55-m;0;0;398;NA;NA;NA;NA;0;0
Slocus_ARK3;35015;10-m;0;0;0;NA;NA;NA;NA;NA;NA
Slocus_ARK3;35015;12-m;0;0;0;NA;NA;NA;NA;NA;NA
Slocus_ARK3;35015;12-p;0;0;0;NA;NA;NA;NA;NA;NA
Slocus_ARK3;35015;17-m;0;0;0;NA;NA;NA;NA;NA;NA
Slocus_ARK3;35015;17-p;0;0;0;NA;NA;NA;NA;NA;NA
Slocus_ARK3;35015;191-m;0;0;0;NA;NA;NA;NA;NA;NA
Slocus_ARK3;35015;191-p;0;0;0;NA;NA;NA;NA;NA;NA
Slocus_ARK3;35015;205-m;0;0;0;NA;NA;NA;NA;NA;NA
Slocus_ARK3;35015;205-p;0;0;0;NA;NA;NA;NA;NA;NA
Slocus_ARK3;35015;206-m;0;0;0;NA;NA;NA;NA;NA;NA
Slocus_ARK3;35015;206-p;0;0;0;NA;NA;NA;NA;NA;NA
Slocus_ARK3;35015;208-m;0;0;0;NA;NA;NA;NA;NA;NA
Slocus_ARK3;35015;208-p;0;0;0;NA;NA;NA;NA;NA;NA
Slocus_ARK3;35015;266-m;0;0;0;NA;NA;NA;NA;NA;NA
Slocus_ARK3;35015;266-p;0;0;0;NA;NA;NA;NA;NA;NA
Slocus_ARK3;35015;46-m;0;0;0;NA;NA;NA;NA;NA;NA
Slocus_ARK3;35015;46-p;0;0;0;NA;NA;NA;NA;NA;NA
Slocus_ARK3;35015;47-m;0;0;0;NA;NA;NA;NA;NA;NA
Slocus_ARK3;35015;48-m;0;0;0;NA;NA;NA;NA;NA;NA
Slocus_ARK3;35015;48-p;0;0;0;NA;NA;NA;NA;NA;NA
Slocus_ARK3;35015;50-m;0;0;0;NA;NA;NA;NA;NA;NA
Slocus_ARK3;35015;50-p;0;0;0;NA;NA;NA;NA;NA;NA
Slocus_ARK3;35015;51-m;0;0;0;NA;NA;NA;NA;NA;NA
Slocus_ARK3;35015;51-p;0;0;0;NA;NA;NA;NA;NA;NA
Slocus_ARK3;35015;55-m;0;0;0;NA;NA;NA;NA;NA;NA
Slocus_ARK3;32514;10-m;327.9999999999997;262;238;11;1;13;1;0;0
Slocus_ARK3;32514;12-m;327.9999999999997;262;238;11;1;13;1;0;0
Slocus_ARK3;32514;12-p;327.9999999999997;262;238;13;1;15;1;1;1
Slocus_ARK3;32514;17-m;327.9999999999997;262;238;14;0;16;0;0;0
Slocus_ARK3;32514;17-p;327.9999999999997;262;238;12;0;14;0;0;0
Slocus_ARK3;32514;191-m;327.9999999999997;262;238;13;1;15;1;1;1
Slocus_ARK3;32514;191-p;327.9999999999997;262;238;11;1;13;1;0;0
Slocus_ARK3;32514;205-m;327.9999999999997;262;238;12;0;14;0;0;0
Slocus_ARK3;32514;205-p;327.9999999999997;262;238;12;2;14;2;0;0
Slocus_ARK3;32514;206-m;327.9999999999997;262;238;12;0;14;0;0;0
Slocus_ARK3;32514;206-p;327.9999999999997;262;238;13;1;15;1;1;1
Slocus_ARK3;32514;208-m;327.9999999999997;262;238;10;0;12;0;0;0
Slocus_ARK3;32514;208-p;327.9999999999997;262;238;14;2;16;2;1;1
Slocus_ARK3;32514;266-m;327.9999999999997;262;238;13;1;15;1;1;1
Slocus_ARK3;32514;266-p;327.9999999999997;262;238;12;0;14;0;0;0
Slocus_ARK3;32514;46-m;327.9999999999997;262;238;11;1;13;1;0;0
Slocus_ARK3;32514;46-p;327.9999999999997;262;238;13;1;15;1;1;1
Slocus_ARK3;32514;47-m;327.9999999999997;262;238;14;0;16;0;0;0
Slocus_ARK3;32514;48-m;327.9999999999997;262;238;11;1;13;1;0;0
Slocus_ARK3;32514;48-p;327.9999999999997;262;238;10;0;12;0;0;0
Slocus_ARK3;32514;50-m;327.9999999999997;262;238;11;1;13;1;0;0
Slocus_ARK3;32514;50-p;327.9999999999997;262;238;12;2;14;2;1;1
Slocus_ARK3;32514;51-m;327.9999999999997;262;238;12;2;14;2;1;1
Slocus_ARK3;32514;51-p;327.9999999999997;262;238;11;1;13;1;0;0
Slocus_ARK3;32514;55-m;327.9999999999997;262;238;14;0;16;0;0;0
Slocus_ARK3;30013;10-m;2090.7199999999943;1634;1594;25;11;29;11;1;1
Slocus_ARK3;30013;12-m;2090.7199999999943;1634;1594;30;12;33;11;3;1
Slocus_ARK3;30013;12-p;2090.7199999999943;1634;1594;30;4;38;4;3;3
Slocus_ARK3;30013;17-m;2090.7199999999943;1634;1594;24;0;30;0;0;0
Slocus_ARK3;30013;17-p;2090.7199999999943;1634;1594;29;3;36;2;2;2
Slocus_ARK3;30013;191-m;2090.7199999999943;1634;1594;29;7;35;5;2;2
Slocus_ARK3;30013;191-p;2090.7199999999943;1634;1594;30;12;33;11;3;1
Slocus_ARK3;30013;205-m;2090.7199999999943;1634;1594;29;3;36;2;2;2
Slocus_ARK3;30013;205-p;2090.7199999999943;1634;1594;26;10;29;9;1;1
Slocus_ARK3;30013;206-m;2090.7199999999943;1634;1594;29;3;36;2;2;2
Slocus_ARK3;30013;206-p;2090.7199999999943;1634;1594;25;5;34;6;1;1
Slocus_ARK3;30013;208-m;2090.7199999999943;1634;1594;28;0;28;0;2;0
Slocus_ARK3;30013;208-p;2090.7199999999943;1634;1594;25;3;31;1;0;0
Slocus_ARK3;30013;266-m;2090.7199999999943;1634;1594;30;4;38;4;3;3
Slocus_ARK3;30013;266-p;2090.7199999999943;1634;1594;29;3;36;2;2;2
Slocus_ARK3;30013;46-m;2090.7199999999943;1634;1594;28;10;31;9;3;1
Slocus_ARK3;30013;46-p;2090.7199999999943;1634;1594;27;1;36;2;1;1
Slocus_ARK3;30013;47-m;2090.7199999999943;1634;1594;24;0;30;0;0;0
Slocus_ARK3;30013;48-m;2090.7199999999943;1634;1594;29;11;33;11;2;0
Slocus_ARK3;30013;48-p;2090.7199999999943;1634;1594;28;0;28;0;2;0
Slocus_ARK3;30013;50-m;2090.7199999999943;1634;1594;25;9;29;9;1;1
Slocus_ARK3;30013;50-p;2090.7199999999943;1634;1594;28;12;33;13;2;2
Slocus_ARK3;30013;51-m;2090.7199999999943;1634;1594;28;12;33;13;2;2
Slocus_ARK3;30013;51-p;2090.7199999999943;1634;1594;30;12;33;11;3;1
Slocus_ARK3;30013;55-m;2090.7199999999943;1634;1594;24;0;30;0;0;0
Slocus_ARK3;27512;10-m;2499.0800000000045;2012;1573;24;18;28;20;4;4
Slocus_ARK3;27512;12-m;2499.0800000000045;2012;1573;25;19;29;21;3;3
Slocus_ARK3;27512;12-p;2499.0800000000045;2012;1573;18;2;20;2;0;0
Slocus_ARK3;27512;17-m;2499.0800000000045;2012;1573;16;0;18;0;0;0
Slocus_ARK3;27512;17-p;2499.0800000000045;2012;1573;18;8;20;8;0;0
Slocus_ARK3;27512;191-m;2499.0800000000045;2012;1573;18;2;20;2;0;0
Slocus_ARK3;27512;191-p;2499.0800000000045;2012;1573;23;17;27;19;3;3
Slocus_ARK3;27512;205-m;2499.0800000000045;2012;1573;16;6;18;6;0;0
Slocus_ARK3;27512;205-p;2499.0800000000045;2012;1573;20;14;24;16;2;2
Slocus_ARK3;27512;206-m;2499.0800000000045;2012;1573;14;4;16;4;0;0
Slocus_ARK3;27512;206-p;2499.0800000000045;2012;1573;19;3;21;3;1;1
Slocus_ARK3;27512;208-m;2499.0800000000045;2012;1573;30;0;36;0;6;0
Slocus_ARK3;27512;208-p;2499.0800000000045;2012;1573;17;1;19;1;0;0
Slocus_ARK3;27512;266-m;2499.0800000000045;2012;1573;18;2;20;2;0;0
Slocus_ARK3;27512;266-p;2499.0800000000045;2012;1573;18;8;20;8;0;0
Slocus_ARK3;27512;46-m;2499.0800000000045;2012;1573;21;17;25;19;3;3
Slocus_ARK3;27512;46-p;2499.0800000000045;2012;1573;16;6;18;6;0;0
Slocus_ARK3;27512;47-m;2499.0800000000045;2012;1573;16;0;18;0;0;0
Slocus_ARK3;27512;48-m;2499.0800000000045;2012;1573;22;16;26;18;3;3
Slocus_ARK3;27512;48-p;2499.0800000000045;2012;1573;30;0;36;0;6;0
Slocus_ARK3;27512;50-m;2499.0800000000045;2012;1573;23;15;27;17;3;3
Slocus_ARK3;27512;50-p;2499.0800000000045;2012;1573;23;17;27;19;3;3
Slocus_ARK3;27512;51-m;2499.0800000000045;2012;1573;22;16;26;18;3;3
Slocus_ARK3;27512;51-p;2499.0800000000045;2012;1573;23;17;27;19;3;3
Slocus_ARK3;27512;55-m;2499.0800000000045;2012;1573;16;0;18;0;0;0
Slocus_ARK3;25011;10-m;954.2800000000026;784;614;13;3;15;3;1;1
Slocus_ARK3;25011;12-m;954.2800000000026;784;614;12;2;13;3;1;1
Slocus_ARK3;25011;12-p;954.2800000000026;784;614;12;2;13;3;1;1
Slocus_ARK3;25011;17-m;954.2800000000026;784;614;18;0;22;0;2;0
Slocus_ARK3;25011;17-p;954.2800000000026;784;614;11;1;11;1;1;1
Slocus_ARK3;25011;191-m;954.2800000000026;784;614;13;1;15;3;2;0
Slocus_ARK3;25011;191-p;954.2800000000026;784;614;12;4;13;5;2;2
Slocus_ARK3;25011;205-m;954.2800000000026;784;614;11;1;11;1;1;1
Slocus_ARK3;25011;205-p;954.2800000000026;784;614;14;4;17;5;1;1
Slocus_ARK3;25011;206-m;954.2800000000026;784;614;11;1;11;1;1;1
Slocus_ARK3;25011;206-p;954.2800000000026;784;614;13;3;15;3;1;1
Slocus_ARK3;25011;208-m;954.2800000000026;784;614;12;0;14;0;0;0
Slocus_ARK3;25011;208-p;954.2800000000026;784;614;17;5;21;9;2;2
Slocus_ARK3;25011;266-m;954.2800000000026;784;614;12;2;13;3;1;1
Slocus_ARK3;25011;266-p;954.2800000000026;784;614;11;1;11;1;1;1
Slocus_ARK3;25011;46-m;954.2800000000026;784;614;12;2;13;3;1;1
Slocus_ARK3;25011;46-p;954.2800000000026;784;614;11;1;12;2;0;0
Slocus_ARK3;25011;47-m;954.2800000000026;784;614;18;0;22;0;2;0
Slocus_ARK3;25011;48-m;954.2800000000026;784;614;12;2;13;3;1;1
Slocus_ARK3;25011;48-p;954.2800000000026;784;614;12;2;14;2;1;1
Slocus_ARK3;25011;50-m;954.2800000000026;784;614;12;4;13;5;2;2
Slocus_ARK3;25011;50-p;954.2800000000026;784;614;12;0;14;0;0;0
Slocus_ARK3;25011;51-m;954.2800000000026;784;614;12;0;14;0;0;0
Slocus_ARK3;25011;51-p;954.2800000000026;784;614;12;4;13;5;2;2
Slocus_ARK3;25011;55-m;954.2800000000026;784;614;18;0;22;0;2;0
Slocus_ARK3;22510;10-m;2099.879999999995;1692;1418;23;13;23;9;5;3
Slocus_ARK3;22510;12-m;2099.879999999995;1692;1418;17;9;20;12;5;3
Slocus_ARK3;22510;12-p;2099.879999999995;1692;1418;15;7;18;8;4;2
Slocus_ARK3;22510;17-m;2099.879999999995;1692;1418;28;0;22;0;4;0
Slocus_ARK3;22510;17-p;2099.879999999995;1692;1418;19;9;20;8;4;2
Slocus_ARK3;22510;191-m;2099.879999999995;1692;1418;22;6;23;5;5;1
Slocus_ARK3;22510;191-p;2099.879999999995;1692;1418;20;4;21;3;4;0
Slocus_ARK3;22510;205-m;2099.879999999995;1692;1418;22;10;23;9;4;2
Slocus_ARK3;22510;205-p;2099.879999999995;1692;1418;19;9;19;7;5;3
Slocus_ARK3;22510;206-m;2099.879999999995;1692;1418;22;10;23;9;4;2
Slocus_ARK3;22510;206-p;2099.879999999995;1692;1418;17;9;17;5;4;2
Slocus_ARK3;22510;208-m;2099.879999999995;1692;1418;14;0;18;0;6;0
Slocus_ARK3;22510;208-p;2099.879999999995;1692;1418;27;9;24;4;5;1
Slocus_ARK3;22510;266-m;2099.879999999995;1692;1418;15;7;18;8;4;2
Slocus_ARK3;22510;266-p;2099.879999999995;1692;1418;20;8;21;7;4;2
Slocus_ARK3;22510;46-m;2099.879999999995;1692;1418;16;8;19;11;5;3
Slocus_ARK3;22510;46-p;2099.879999999995;1692;1418;13;3;15;1;4;0
Slocus_ARK3;22510;47-m;2099.879999999995;1692;1418;30;0;26;0;4;0
Slocus_ARK3;22510;48-m;2099.879999999995;1692;1418;17;9;19;11;5;3
Slocus_ARK3;22510;48-p;2099.879999999995;1692;1418;17;11;19;11;5;3
Slocus_ARK3;22510;50-m;2099.879999999995;1692;1418;20;2;20;0;4;0
Slocus_ARK3;22510;50-p;2099.879999999995;1692;1418;13;3;17;5;5;1
Slocus_ARK3;22510;51-m;2099.879999999995;1692;1418;12;2;16;4;5;1
Slocus_ARK3;22510;51-p;2099.879999999995;1692;1418;20;4;21;3;4;0
Slocus_ARK3;22510;55-m;2099.879999999995;1692;1418;30;0;24;0;4;0
Slocus_ARK3;20009;10-m;2795.960000000013;2264;1859;45;13;44;16;5;1
Slocus_ARK3;20009;12-m;2795.960000000013;2264;1859;42;10;44;10;6;2
Slocus_ARK3;20009;12-p;2795.960000000013;2264;1859;46;14;44;14;7;3
Slocus_ARK3;20009;17-m;2795.960000000013;2264;1859;54;16;56;20;9;3
Slocus_ARK3;20009;17-p;2795.960000000013;2264;1859;35;9;36;10;6;2
Slocus_ARK3;20009;191-m;2795.960000000013;2264;1859;36;12;39;15;6;2
Slocus_ARK3;20009;191-p;2795.960000000013;2264;1859;36;14;35;15;6;2
Slocus_ARK3;20009;205-m;2795.960000000013;2264;1859;38;8;39;9;7;1
Slocus_ARK3;20009;205-p;2795.960000000013;2264;1859;48;24;50;26;7;3
Slocus_ARK3;20009;206-m;2795.960000000013;2264;1859;35;7;37;9;4;0
Slocus_ARK3;20009;206-p;2795.960000000013;2264;1859;47;11;46;16;6;2
Slocus_ARK3;20009;208-m;2795.960000000013;2264;1859;54;0;54;0;4;0
Slocus_ARK3;20009;208-p;2795.960000000013;2264;1859;50;20;53;25;8;4
Slocus_ARK3;20009;266-m;2795.960000000013;2264;1859;46;14;44;14;7;3
Slocus_ARK3;20009;266-p;2795.960000000013;2264;1859;36;10;37;11;6;2
Slocus_ARK3;20009;46-m;2795.960000000013;2264;1859;43;13;44;12;5;1
Slocus_ARK3;20009;46-p;2795.960000000013;2264;1859;42;20;41;19;5;1
Slocus_ARK3;20009;47-m;2795.960000000013;2264;1859;49;9;50;10;10;0
Slocus_ARK3;20009;48-m;2795.960000000013;2264;1859;49;15;51;17;5;1
Slocus_ARK3;20009;48-p;2795.960000000013;2264;1859;41;17;41;17;5;1
Slocus_ARK3;20009;50-m;2795.960000000013;2264;1859;40;20;39;21;6;2
Slocus_ARK3;20009;50-p;2795.960000000013;2264;1859;50;18;49;17;5;1
Slocus_ARK3;20009;51-m;2795.960000000013;2264;1859;54;12;52;12;6;0
Slocus_ARK3;20009;51-p;2795.960000000013;2264;1859;35;15;35;17;5;1
Slocus_ARK3;20009;55-m;2795.960000000013;2264;1859;54;16;56;20;9;3
Slocus_ARK3;17508;10-m;213.07999999999993;188;195;1;1;1;1;0;0
Slocus_ARK3;17508;12-m;213.07999999999993;188;195;1;1;1;1;0;0
Slocus_ARK3;17508;12-p;213.07999999999993;188;195;0;0;0;0;0;0
Slocus_ARK3;17508;17-m;213.07999999999993;188;195;2;2;2;2;0;0
Slocus_ARK3;17508;17-p;213.07999999999993;188;195;0;0;0;0;0;0
Slocus_ARK3;17508;191-m;213.07999999999993;188;195;0;0;0;0;0;0
Slocus_ARK3;17508;191-p;213.07999999999993;188;195;0;0;0;0;0;0
Slocus_ARK3;17508;205-m;213.07999999999993;188;195;0;0;0;0;0;0
Slocus_ARK3;17508;205-p;213.07999999999993;188;195;1;1;1;1;0;0
Slocus_ARK3;17508;206-m;213.07999999999993;188;195;3;3;3;3;1;1
Slocus_ARK3;17508;206-p;213.07999999999993;188;195;0;0;0;0;0;0
Slocus_ARK3;17508;208-m;213.07999999999993;188;195;2;0;2;0;0;0
Slocus_ARK3;17508;208-p;213.07999999999993;188;195;1;1;1;1;0;0
Slocus_ARK3;17508;266-m;213.07999999999993;188;195;0;0;0;0;0;0
Slocus_ARK3;17508;266-p;213.07999999999993;188;195;0;0;0;0;0;0
Slocus_ARK3;17508;46-m;213.07999999999993;188;195;2;0;2;0;0;0
Slocus_ARK3;17508;46-p;213.07999999999993;188;195;0;0;0;0;0;0
Slocus_ARK3;17508;47-m;213.07999999999993;188;195;2;2;2;2;0;0
Slocus_ARK3;17508;48-m;213.07999999999993;188;195;1;1;1;1;0;0
Slocus_ARK3;17508;48-p;213.07999999999993;188;195;1;1;1;1;0;0
Slocus_ARK3;17508;50-m;213.07999999999993;188;195;0;0;0;0;0;0
Slocus_ARK3;17508;50-p;213.07999999999993;188;195;1;1;1;1;0;0
Slocus_ARK3;17508;51-m;213.07999999999993;188;195;1;1;1;1;0;0
Slocus_ARK3;17508;51-p;213.07999999999993;188;195;3;3;3;3;1;1
Slocus_ARK3;17508;55-m;213.07999999999993;188;195;2;2;2;2;0;0
Slocus_ARK3;15007;10-m;0;0;0;NA;NA;NA;NA;NA;NA
Slocus_ARK3;15007;12-m;0;0;0;NA;NA;NA;NA;NA;NA
Slocus_ARK3;15007;12-p;0;0;0;NA;NA;NA;NA;NA;NA
Slocus_ARK3;15007;17-m;0;0;0;NA;NA;NA;NA;NA;NA
Slocus_ARK3;15007;17-p;0;0;0;NA;NA;NA;NA;NA;NA
Slocus_ARK3;15007;191-m;0;0;0;NA;NA;NA;NA;NA;NA
Slocus_ARK3;15007;191-p;0;0;0;NA;NA;NA;NA;NA;NA
Slocus_ARK3;15007;205-m;0;0;0;NA;NA;NA;NA;NA;NA
Slocus_ARK3;15007;205-p;0;0;0;NA;NA;NA;NA;NA;NA
Slocus_ARK3;15007;206-m;0;0;0;NA;NA;NA;NA;NA;NA
Slocus_ARK3;15007;206-p;0;0;0;NA;NA;NA;NA;NA;NA
Slocus_ARK3;15007;208-m;0;0;0;NA;NA;NA;NA;NA;NA
Slocus_ARK3;15007;208-p;0;0;0;NA;NA;NA;NA;NA;NA
Slocus_ARK3;15007;266-m;0;0;0;NA;NA;NA;NA;NA;NA
Slocus_ARK3;15007;266-p;0;0;0;NA;NA;NA;NA;NA;NA
Slocus_ARK3;15007;46-m;0;0;0;NA;NA;NA;NA;NA;NA
Slocus_ARK3;15007;46-p;0;0;0;NA;NA;NA;NA;NA;NA
Slocus_ARK3;15007;47-m;0;0;0;NA;NA;NA;NA;NA;NA
Slocus_ARK3;15007;48-m;0;0;0;NA;NA;NA;NA;NA;NA
Slocus_ARK3;15007;48-p;0;0;0;NA;NA;NA;NA;NA;NA
Slocus_ARK3;15007;50-m;0;0;0;NA;NA;NA;NA;NA;NA
Slocus_ARK3;15007;50-p;0;0;0;NA;NA;NA;NA;NA;NA
Slocus_ARK3;15007;51-m;0;0;0;NA;NA;NA;NA;NA;NA
Slocus_ARK3;15007;51-p;0;0;0;NA;NA;NA;NA;NA;NA
Slocus_ARK3;15007;55-m;0;0;0;NA;NA;NA;NA;NA;NA
Slocus_ARK3;12506;10-m;0;0;0;NA;NA;NA;NA;NA;NA
Slocus_ARK3;12506;12-m;0;0;0;NA;NA;NA;NA;NA;NA
Slocus_ARK3;12506;12-p;0;0;0;NA;NA;NA;NA;NA;NA
Slocus_ARK3;12506;17-m;0;0;0;NA;NA;NA;NA;NA;NA
Slocus_ARK3;12506;17-p;0;0;0;NA;NA;NA;NA;NA;NA
Slocus_ARK3;12506;191-m;0;0;0;NA;NA;NA;NA;NA;NA
Slocus_ARK3;12506;191-p;0;0;0;NA;NA;NA;NA;NA;NA
Slocus_ARK3;12506;205-m;0;0;0;NA;NA;NA;NA;NA;NA
Slocus_ARK3;12506;205-p;0;0;0;NA;NA;NA;NA;NA;NA
Slocus_ARK3;12506;206-m;0;0;0;NA;NA;NA;NA;NA;NA
Slocus_ARK3;12506;206-p;0;0;0;NA;NA;NA;NA;NA;NA
Slocus_ARK3;12506;208-m;0;0;0;NA;NA;NA;NA;NA;NA
Slocus_ARK3;12506;208-p;0;0;0;NA;NA;NA;NA;NA;NA
Slocus_ARK3;12506;266-m;0;0;0;NA;NA;NA;NA;NA;NA
Slocus_ARK3;12506;266-p;0;0;0;NA;NA;NA;NA;NA;NA
Slocus_ARK3;12506;46-m;0;0;0;NA;NA;NA;NA;NA;NA
Slocus_ARK3;12506;46-p;0;0;0;NA;NA;NA;NA;NA;NA
Slocus_ARK3;12506;47-m;0;0;0;NA;NA;NA;NA;NA;NA
Slocus_ARK3;12506;48-m;0;0;0;NA;NA;NA;NA;NA;NA
Slocus_ARK3;12506;48-p;0;0;0;NA;NA;NA;NA;NA;NA
Slocus_ARK3;12506;50-m;0;0;0;NA;NA;NA;NA;NA;NA
Slocus_ARK3;12506;50-p;0;0;0;NA;NA;NA;NA;NA;NA
Slocus_ARK3;12506;51-m;0;0;0;NA;NA;NA;NA;NA;NA
Slocus_ARK3;12506;51-p;0;0;0;NA;NA;NA;NA;NA;NA
Slocus_ARK3;12506;55-m;0;0;0;NA;NA;NA;NA;NA;NA
Slocus_ARK3;10005;10-m;0;0;0;NA;NA;NA;NA;NA;NA
Slocus_ARK3;10005;12-m;0;0;0;NA;NA;NA;NA;NA;NA
Slocus_ARK3;10005;12-p;0;0;0;NA;NA;NA;NA;NA;NA
Slocus_ARK3;10005;17-m;0;0;0;NA;NA;NA;NA;NA;NA
Slocus_ARK3;10005;17-p;0;0;0;NA;NA;NA;NA;NA;NA
Slocus_ARK3;10005;191-m;0;0;0;NA;NA;NA;NA;NA;NA
Slocus_ARK3;10005;191-p;0;0;0;NA;NA;NA;NA;NA;NA
Slocus_ARK3;10005;205-m;0;0;0;NA;NA;NA;NA;NA;NA
Slocus_ARK3;10005;205-p;0;0;0;NA;NA;NA;NA;NA;NA
Slocus_ARK3;10005;206-m;0;0;0;NA;NA;NA;NA;NA;NA
Slocus_ARK3;10005;206-p;0;0;0;NA;NA;NA;NA;NA;NA
Slocus_ARK3;10005;208-m;0;0;0;NA;NA;NA;NA;NA;NA
Slocus_ARK3;10005;208-p;0;0;0;NA;NA;NA;NA;NA;NA
Slocus_ARK3;10005;266-m;0;0;0;NA;NA;NA;NA;NA;NA
Slocus_ARK3;10005;266-p;0;0;0;NA;NA;NA;NA;NA;NA
Slocus_ARK3;10005;46-m;0;0;0;NA;NA;NA;NA;NA;NA
Slocus_ARK3;10005;46-p;0;0;0;NA;NA;NA;NA;NA;NA
Slocus_ARK3;10005;47-m;0;0;0;NA;NA;NA;NA;NA;NA
Slocus_ARK3;10005;48-m;0;0;0;NA;NA;NA;NA;NA;NA
Slocus_ARK3;10005;48-p;0;0;0;NA;NA;NA;NA;NA;NA
Slocus_ARK3;10005;50-m;0;0;0;NA;NA;NA;NA;NA;NA
Slocus_ARK3;10005;50-p;0;0;0;NA;NA;NA;NA;NA;NA
Slocus_ARK3;10005;51-m;0;0;0;NA;NA;NA;NA;NA;NA
Slocus_ARK3;10005;51-p;0;0;0;NA;NA;NA;NA;NA;NA
Slocus_ARK3;10005;55-m;0;0;0;NA;NA;NA;NA;NA;NA
Slocus_ARK3;7504;10-m;1360.0800000000002;1104;1252;9;3;11;3;2;0
Slocus_ARK3;7504;12-m;1360.0800000000002;1104;1252;8;0;10;0;2;0
Slocus_ARK3;7504;12-p;1360.0800000000002;1104;1252;8;2;12;2;2;0
Slocus_ARK3;7504;17-m;1360.0800000000002;1104;1252;7;1;9;1;2;0
Slocus_ARK3;7504;17-p;1360.0800000000002;1104;1252;8;2;10;4;2;2
Slocus_ARK3;7504;191-m;1360.0800000000002;1104;1252;7;1;9;3;1;1
Slocus_ARK3;7504;191-p;1360.0800000000002;1104;1252;8;2;11;3;2;0
Slocus_ARK3;7504;205-m;1360.0800000000002;1104;1252;7;1;9;3;2;2
Slocus_ARK3;7504;205-p;1360.0800000000002;1104;1252;8;2;10;2;2;0
Slocus_ARK3;7504;206-m;1360.0800000000002;1104;1252;5;3;7;5;1;1
Slocus_ARK3;7504;206-p;1360.0800000000002;1104;1252;9;3;12;4;2;0
Slocus_ARK3;7504;208-m;1360.0800000000002;1104;1252;6;0;10;0;2;0
Slocus_ARK3;7504;208-p;1360.0800000000002;1104;1252;6;0;9;1;1;1
Slocus_ARK3;7504;266-m;1360.0800000000002;1104;1252;8;2;11;3;2;0
Slocus_ARK3;7504;266-p;1360.0800000000002;1104;1252;6;4;8;6;2;2
Slocus_ARK3;7504;46-m;1360.0800000000002;1104;1252;7;1;10;2;2;0
Slocus_ARK3;7504;46-p;1360.0800000000002;1104;1252;7;1;9;3;2;2
Slocus_ARK3;7504;47-m;1360.0800000000002;1104;1252;8;0;10;0;2;0
Slocus_ARK3;7504;48-m;1360.0800000000002;1104;1252;6;0;9;1;2;0
Slocus_ARK3;7504;48-p;1360.0800000000002;1104;1252;8;2;11;3;2;0
Slocus_ARK3;7504;50-m;1360.0800000000002;1104;1252;7;1;10;2;2;0
Slocus_ARK3;7504;50-p;1360.0800000000002;1104;1252;8;2;11;3;2;0
Slocus_ARK3;7504;51-m;1360.0800000000002;1104;1252;7;1;11;1;2;0
Slocus_ARK3;7504;51-p;1360.0800000000002;1104;1252;7;1;10;2;1;1
Slocus_ARK3;7504;55-m;1360.0800000000002;1104;1252;6;0;10;0;2;0
Slocus_ARK3;5003;10-m;1935.1599999999949;1588;1291;18;6;17;3;0;0
Slocus_ARK3;5003;12-m;1935.1599999999949;1588;1291;19;5;17;1;0;0
Slocus_ARK3;5003;12-p;1935.1599999999949;1588;1291;21;1;17;1;1;1
Slocus_ARK3;5003;17-m;1935.1599999999949;1588;1291;23;3;19;3;2;2
Slocus_ARK3;5003;17-p;1935.1599999999949;1588;1291;20;6;16;4;1;1
Slocus_ARK3;5003;191-m;1935.1599999999949;1588;1291;22;4;17;3;0;0
Slocus_ARK3;5003;191-p;1935.1599999999949;1588;1291;21;1;17;1;1;1
Slocus_ARK3;5003;205-m;1935.1599999999949;1588;1291;20;6;16;4;1;1
Slocus_ARK3;5003;205-p;1935.1599999999949;1588;1291;19;5;17;1;0;0
Slocus_ARK3;5003;206-m;1935.1599999999949;1588;1291;20;6;16;4;1;1
Slocus_ARK3;5003;206-p;1935.1599999999949;1588;1291;20;2;17;3;1;1
Slocus_ARK3;5003;208-m;1935.1599999999949;1588;1291;22;0;16;0;0;0
Slocus_ARK3;5003;208-p;1935.1599999999949;1588;1291;25;7;20;6;2;2
Slocus_ARK3;5003;266-m;1935.1599999999949;1588;1291;21;1;17;1;1;1
Slocus_ARK3;5003;266-p;1935.1599999999949;1588;1291;20;6;16;4;1;1
Slocus_ARK3;5003;46-m;1935.1599999999949;1588;1291;21;1;16;0;0;0
Slocus_ARK3;5003;46-p;1935.1599999999949;1588;1291;21;7;17;5;2;2
Slocus_ARK3;5003;47-m;1935.1599999999949;1588;1291;20;0;16;0;0;0
Slocus_ARK3;5003;48-m;1935.1599999999949;1588;1291;22;2;16;0;0;0
Slocus_ARK3;5003;48-p;1935.1599999999949;1588;1291;20;6;18;2;1;1
Slocus_ARK3;5003;50-m;1935.1599999999949;1588;1291;22;2;17;1;1;1
Slocus_ARK3;5003;50-p;1935.1599999999949;1588;1291;20;6;18;2;1;1
Slocus_ARK3;5003;51-m;1935.1599999999949;1588;1291;22;2;17;1;1;1
Slocus_ARK3;5003;51-p;1935.1599999999949;1588;1291;24;2;17;1;1;1
Slocus_ARK3;5003;55-m;1935.1599999999949;1588;1291;23;3;19;3;2;2
Slocus_ARK3;2502;10-m;1683.759999999997;1396;1073;12;10;13;11;2;2
Slocus_ARK3;2502;12-m;1683.759999999997;1396;1073;11;9;13;11;2;2
Slocus_ARK3;2502;12-p;1683.759999999997;1396;1073;11;7;13;9;1;1
Slocus_ARK3;2502;17-m;1683.759999999997;1396;1073;13;5;15;5;2;0
Slocus_ARK3;2502;17-p;1683.759999999997;1396;1073;13;9;15;11;2;2
Slocus_ARK3;2502;191-m;1683.759999999997;1396;1073;9;5;12;6;1;1
Slocus_ARK3;2502;191-p;1683.759999999997;1396;1073;9;5;12;6;1;1
Slocus_ARK3;2502;205-m;1683.759999999997;1396;1073;14;8;16;10;2;2
Slocus_ARK3;2502;205-p;1683.759999999997;1396;1073;11;5;12;6;2;2
Slocus_ARK3;2502;206-m;1683.759999999997;1396;1073;11;7;11;7;1;1
Slocus_ARK3;2502;206-p;1683.759999999997;1396;1073;12;8;13;9;1;1
Slocus_ARK3;2502;208-m;1683.759999999997;1396;1073;10;0;10;0;0;0
Slocus_ARK3;2502;208-p;1683.759999999997;1396;1073;11;9;13;11;1;1
Slocus_ARK3;2502;266-m;1683.759999999997;1396;1073;11;7;13;9;1;1
Slocus_ARK3;2502;266-p;1683.759999999997;1396;1073;13;9;15;11;2;2
Slocus_ARK3;2502;46-m;1683.759999999997;1396;1073;11;5;13;7;1;1
Slocus_ARK3;2502;46-p;1683.759999999997;1396;1073;12;8;12;8;1;1
Slocus_ARK3;2502;47-m;1683.759999999997;1396;1073;12;2;14;2;2;0
Slocus_ARK3;2502;48-m;1683.759999999997;1396;1073;11;3;12;4;1;1
Slocus_ARK3;2502;48-p;1683.759999999997;1396;1073;8;4;9;5;1;1
Slocus_ARK3;2502;50-m;1683.759999999997;1396;1073;9;7;11;9;1;1
Slocus_ARK3;2502;50-p;1683.759999999997;1396;1073;12;4;12;4;1;1
Slocus_ARK3;2502;51-m;1683.759999999997;1396;1073;10;2;10;2;0;0
Slocus_ARK3;2502;51-p;1683.759999999997;1396;1073;7;5;8;6;0;0
Slocus_ARK3;2502;55-m;1683.759999999997;1396;1073;15;7;17;7;2;0
Slocus_ARK3;1;10-m;2118.399999999995;1696;1478;21;3;27;3;2;0
Slocus_ARK3;1;12-m;2118.399999999995;1696;1478;27;1;32;2;2;0
Slocus_ARK3;1;12-p;2118.399999999995;1696;1478;26;4;30;6;1;1
Slocus_ARK3;1;17-m;2118.399999999995;1696;1478;32;6;30;4;1;1
Slocus_ARK3;1;17-p;2118.399999999995;1696;1478;25;11;23;11;1;1
Slocus_ARK3;1;191-m;2118.399999999995;1696;1478;22;4;24;4;1;1
Slocus_ARK3;1;191-p;2118.399999999995;1696;1478;18;6;19;9;1;1
Slocus_ARK3;1;205-m;2118.399999999995;1696;1478;26;4;26;4;2;0
Slocus_ARK3;1;205-p;2118.399999999995;1696;1478;33;7;31;5;2;2
Slocus_ARK3;1;206-m;2118.399999999995;1696;1478;35;9;34;8;1;1
Slocus_ARK3;1;206-p;2118.399999999995;1696;1478;30;2;34;2;2;0
Slocus_ARK3;1;208-m;2118.399999999995;1696;1478;12;0;10;0;0;0
Slocus_ARK3;1;208-p;2118.399999999995;1696;1478;15;3;16;2;0;0
Slocus_ARK3;1;266-m;2118.399999999995;1696;1478;27;5;31;7;1;1
Slocus_ARK3;1;266-p;2118.399999999995;1696;1478;28;6;27;5;2;0
Slocus_ARK3;1;46-m;2118.399999999995;1696;1478;16;4;16;6;1;1
Slocus_ARK3;1;46-p;2118.399999999995;1696;1478;31;1;29;1;2;0
Slocus_ARK3;1;47-m;2118.399999999995;1696;1478;27;1;25;1;3;1
Slocus_ARK3;1;48-m;2118.399999999995;1696;1478;12;0;10;0;0;0
Slocus_ARK3;1;48-p;2118.399999999995;1696;1478;18;6;19;7;1;1
Slocus_ARK3;1;50-m;2118.399999999995;1696;1478;17;5;13;3;1;1
Slocus_ARK3;1;50-p;2118.399999999995;1696;1478;13;3;14;2;0;0
Slocus_ARK3;1;51-m;2118.399999999995;1696;1478;16;4;15;5;0;0
Slocus_ARK3;1;51-p;2118.399999999995;1696;1478;18;6;19;9;1;1
Slocus_ARK3;1;55-m;2118.399999999995;1696;1478;33;7;32;6;3;3
Slocus_ubox;1;10-m;1718.079999999996;1396;1124;15;5;19;7;0;0
Slocus_ubox;1;12-m;1718.079999999996;1396;1124;16;4;22;6;1;1
Slocus_ubox;1;12-p;1718.079999999996;1396;1124;15;5;19;7;2;2
Slocus_ubox;1;17-m;1718.079999999996;1396;1124;17;7;23;9;2;2
Slocus_ubox;1;17-p;1718.079999999996;1396;1124;19;7;23;7;1;1
Slocus_ubox;1;191-m;1718.079999999996;1396;1124;18;2;23;3;2;0
Slocus_ubox;1;191-p;1718.079999999996;1396;1124;17;5;23;7;2;2
Slocus_ubox;1;205-m;1718.079999999996;1396;1124;19;7;23;7;1;1
Slocus_ubox;1;205-p;1718.079999999996;1396;1124;16;8;23;11;2;2
Slocus_ubox;1;206-m;1718.079999999996;1396;1124;18;8;24;10;0;0
Slocus_ubox;1;206-p;1718.079999999996;1396;1124;15;3;18;4;1;1
Slocus_ubox;1;208-m;1718.079999999996;1396;1124;16;0;24;0;0;0
Slocus_ubox;1;208-p;1718.079999999996;1396;1124;19;9;25;11;1;1
Slocus_ubox;1;266-m;1718.079999999996;1396;1124;15;5;19;7;2;2
Slocus_ubox;1;266-p;1718.079999999996;1396;1124;19;7;23;7;1;1
Slocus_ubox;1;46-m;1718.079999999996;1396;1124;16;4;22;6;1;1
Slocus_ubox;1;46-p;1718.079999999996;1396;1124;19;5;23;7;1;1
Slocus_ubox;1;47-m;1718.079999999996;1396;1124;16;0;22;0;4;0
Slocus_ubox;1;48-m;1718.079999999996;1396;1124;15;5;22;8;0;0
Slocus_ubox;1;48-p;1718.079999999996;1396;1124;18;2;26;2;1;1
Slocus_ubox;1;50-m;1718.079999999996;1396;1124;17;7;23;9;1;1
Slocus_ubox;1;50-p;1718.079999999996;1396;1124;17;7;23;11;2;2
Slocus_ubox;1;51-m;1718.079999999996;1396;1124;15;5;21;9;1;1
Slocus_ubox;1;51-p;1718.079999999996;1396;1124;16;2;24;4;1;1
Slocus_ubox;1;55-m;1718.079999999996;1396;1124;15;5;21;7;2;2
Slocus_ubox;2502;10-m;99.83999999999997;84;332;0;0;0;0;0;0
Slocus_ubox;2502;12-m;99.83999999999997;84;332;0;0;0;0;0;0
Slocus_ubox;2502;12-p;99.83999999999997;84;332;0;0;0;0;0;0
Slocus_ubox;2502;17-m;99.83999999999997;84;332;0;0;0;0;0;0
Slocus_ubox;2502;17-p;99.83999999999997;84;332;0;0;0;0;0;0
Slocus_ubox;2502;191-m;99.83999999999997;84;332;0;0;0;0;0;0
Slocus_ubox;2502;191-p;99.83999999999997;84;332;0;0;0;0;0;0
Slocus_ubox;2502;205-m;99.83999999999997;84;332;0;0;0;0;0;0
Slocus_ubox;2502;205-p;99.83999999999997;84;332;0;0;0;0;0;0
Slocus_ubox;2502;206-m;99.83999999999997;84;332;0;0;0;0;0;0
Slocus_ubox;2502;206-p;99.83999999999997;84;332;0;0;0;0;0;0
Slocus_ubox;2502;208-m;99.83999999999997;84;332;0;0;0;0;0;0
Slocus_ubox;2502;208-p;99.83999999999997;84;332;0;0;0;0;0;0
Slocus_ubox;2502;266-m;99.83999999999997;84;332;0;0;0;0;0;0
Slocus_ubox;2502;266-p;99.83999999999997;84;332;0;0;0;0;0;0
Slocus_ubox;2502;46-m;99.83999999999997;84;332;0;0;0;0;0;0
Slocus_ubox;2502;46-p;99.83999999999997;84;332;0;0;0;0;0;0
Slocus_ubox;2502;47-m;99.83999999999997;84;332;0;0;0;0;0;0
Slocus_ubox;2502;48-m;99.83999999999997;84;332;0;0;0;0;0;0
Slocus_ubox;2502;48-p;99.83999999999997;84;332;0;0;0;0;0;0
Slocus_ubox;2502;50-m;99.83999999999997;84;332;0;0;0;0;0;0
Slocus_ubox;2502;50-p;99.83999999999997;84;332;0;0;0;0;0;0
Slocus_ubox;2502;51-m;99.83999999999997;84;332;0;0;0;0;0;0
Slocus_ubox;2502;51-p;99.83999999999997;84;332;0;0;0;0;0;0
Slocus_ubox;2502;55-m;99.83999999999997;84;332;0;0;0;0;0;0
Slocus_ubox;5003;10-m;810.6000000000009;672;551;9;3;13;3;0;0
Slocus_ubox;5003;12-m;810.6000000000009;672;551;11;5;17;7;1;1
Slocus_ubox;5003;12-p;810.6000000000009;672;551;12;4;18;6;1;1
Slocus_ubox;5003;17-m;810.6000000000009;672;551;14;2;17;3;2;2
Slocus_ubox;5003;17-p;810.6000000000009;672;551;13;5;19;7;2;2
Slocus_ubox;5003;191-m;810.6000000000009;672;551;10;4;17;5;1;1
Slocus_ubox;5003;191-p;810.6000000000009;672;551;10;2;17;3;1;1
Slocus_ubox;5003;205-m;810.6000000000009;672;551;13;5;19;7;2;2
Slocus_ubox;5003;205-p;810.6000000000009;672;551;11;1;15;1;0;0
Slocus_ubox;5003;206-m;810.6000000000009;672;551;13;5;19;7;2;2
Slocus_ubox;5003;206-p;810.6000000000009;672;551;10;2;14;2;0;0
Slocus_ubox;5003;208-m;810.6000000000009;672;551;8;0;14;0;0;0
Slocus_ubox;5003;208-p;810.6000000000009;672;551;11;3;16;4;0;0
Slocus_ubox;5003;266-m;810.6000000000009;672;551;12;4;18;6;1;1
Slocus_ubox;5003;266-p;810.6000000000009;672;551;13;5;19;7;2;2
Slocus_ubox;5003;46-m;810.6000000000009;672;551;11;1;18;2;2;0
Slocus_ubox;5003;46-p;810.6000000000009;672;551;13;1;17;1;1;1
Slocus_ubox;5003;47-m;810.6000000000009;672;551;12;0;16;0;0;0
Slocus_ubox;5003;48-m;810.6000000000009;672;551;11;3;16;4;0;0
Slocus_ubox;5003;48-p;810.6000000000009;672;551;9;3;14;4;0;0
Slocus_ubox;5003;50-m;810.6000000000009;672;551;9;1;16;2;0;0
Slocus_ubox;5003;50-p;810.6000000000009;672;551;11;1;15;1;0;0
Slocus_ubox;5003;51-m;810.6000000000009;672;551;10;2;15;3;0;0
Slocus_ubox;5003;51-p;810.6000000000009;672;551;10;2;17;3;1;1
Slocus_ubox;5003;55-m;810.6000000000009;672;551;13;1;17;1;0;0
Slocus_ubox;7504;10-m;1718.7199999999964;1394;1207;31;11;17;5;0;0
Slocus_ubox;7504;12-m;1718.7199999999964;1394;1207;27;7;15;1;0;0
Slocus_ubox;7504;12-p;1718.7199999999964;1394;1207;30;16;18;10;0;0
Slocus_ubox;7504;17-m;1718.7199999999964;1394;1207;34;2;19;1;0;0
Slocus_ubox;7504;17-p;1718.7199999999964;1394;1207;31;17;18;10;0;0
Slocus_ubox;7504;191-m;1718.7199999999964;1394;1207;27;11;15;5;0;0
Slocus_ubox;7504;191-p;1718.7199999999964;1394;1207;30;8;17;5;0;0
Slocus_ubox;7504;205-m;1718.7199999999964;1394;1207;31;17;18;10;0;0
Slocus_ubox;7504;205-p;1718.7199999999964;1394;1207;31;11;17;5;0;0
Slocus_ubox;7504;206-m;1718.7199999999964;1394;1207;33;11;19;9;0;0
Slocus_ubox;7504;206-p;1718.7199999999964;1394;1207;34;20;20;14;0;0
Slocus_ubox;7504;208-m;1718.7199999999964;1394;1207;32;0;18;0;0;0
Slocus_ubox;7504;208-p;1718.7199999999964;1394;1207;31;17;18;10;0;0
Slocus_ubox;7504;266-m;1718.7199999999964;1394;1207;29;15;17;9;0;0
Slocus_ubox;7504;266-p;1718.7199999999964;1394;1207;31;17;18;10;0;0
Slocus_ubox;7504;46-m;1718.7199999999964;1394;1207;29;7;16;4;0;0
Slocus_ubox;7504;46-p;1718.7199999999964;1394;1207;35;1;22;0;0;0
Slocus_ubox;7504;47-m;1718.7199999999964;1394;1207;34;0;18;0;0;0
Slocus_ubox;7504;48-m;1718.7199999999964;1394;1207;32;0;18;0;0;0
Slocus_ubox;7504;48-p;1718.7199999999964;1394;1207;31;13;18;6;0;0
Slocus_ubox;7504;50-m;1718.7199999999964;1394;1207;32;14;18;6;0;0
Slocus_ubox;7504;50-p;1718.7199999999964;1394;1207;31;9;19;9;0;0
Slocus_ubox;7504;51-m;1718.7199999999964;1394;1207;32;22;20;14;0;0
Slocus_ubox;7504;51-p;1718.7199999999964;1394;1207;31;15;17;7;0;0
Slocus_ubox;7504;55-m;1718.7199999999964;1394;1207;33;3;19;1;0;0
Slocus_ubox;10005;10-m;1724.839999999997;1412;1518;13;5;19;7;0;0
Slocus_ubox;10005;12-m;1724.839999999997;1412;1518;8;0;14;0;0;0
Slocus_ubox;10005;12-p;1724.839999999997;1412;1518;9;1;15;1;0;0
Slocus_ubox;10005;17-m;1724.839999999997;1412;1518;18;0;24;0;0;0
Slocus_ubox;10005;17-p;1724.839999999997;1412;1518;9;1;15;1;0;0
Slocus_ubox;10005;191-m;1724.839999999997;1412;1518;8;0;14;0;0;0
Slocus_ubox;10005;191-p;1724.839999999997;1412;1518;13;5;18;6;0;0
Slocus_ubox;10005;205-m;1724.839999999997;1412;1518;8;0;14;0;0;0
Slocus_ubox;10005;205-p;1724.839999999997;1412;1518;13;5;18;6;0;0
Slocus_ubox;10005;206-m;1724.839999999997;1412;1518;9;1;15;1;0;0
Slocus_ubox;10005;206-p;1724.839999999997;1412;1518;14;6;20;8;0;0
Slocus_ubox;10005;208-m;1724.839999999997;1412;1518;18;0;26;0;0;0
Slocus_ubox;10005;208-p;1724.839999999997;1412;1518;13;5;19;7;0;0
Slocus_ubox;10005;266-m;1724.839999999997;1412;1518;9;1;15;1;0;0
Slocus_ubox;10005;266-p;1724.839999999997;1412;1518;8;0;14;0;0;0
Slocus_ubox;10005;46-m;1724.839999999997;1412;1518;13;5;20;8;0;0
Slocus_ubox;10005;46-p;1724.839999999997;1412;1518;9;1;15;1;0;0
Slocus_ubox;10005;47-m;1724.839999999997;1412;1518;18;0;24;0;0;0
Slocus_ubox;10005;48-m;1724.839999999997;1412;1518;18;0;26;0;0;0
Slocus_ubox;10005;48-p;1724.839999999997;1412;1518;14;4;18;6;0;0
Slocus_ubox;10005;50-m;1724.839999999997;1412;1518;13;5;18;6;0;0
Slocus_ubox;10005;50-p;1724.839999999997;1412;1518;9;1;15;1;0;0
Slocus_ubox;10005;51-m;1724.839999999997;1412;1518;14;6;21;9;0;0
Slocus_ubox;10005;51-p;1724.839999999997;1412;1518;13;5;19;7;0;0
Slocus_ubox;10005;55-m;1724.839999999997;1412;1518;18;0;24;0;0;0
Slocus_ubox;12506;10-m;1763.9599999999964;1496;1174;16;0;19;1;0;0
Slocus_ubox;12506;12-m;1763.9599999999964;1496;1174;24;10;25;11;0;0
Slocus_ubox;12506;12-p;1763.9599999999964;1496;1174;32;4;33;5;0;0
Slocus_ubox;12506;17-m;1763.9599999999964;1496;1174;19;3;22;4;1;1
Slocus_ubox;12506;17-p;1763.9599999999964;1496;1174;32;0;32;0;0;0
Slocus_ubox;12506;191-m;1763.9599999999964;1496;1174;26;8;27;9;0;0
Slocus_ubox;12506;191-p;1763.9599999999964;1496;1174;24;10;25;11;0;0
Slocus_ubox;12506;205-m;1763.9599999999964;1496;1174;32;0;32;0;0;0
Slocus_ubox;12506;205-p;1763.9599999999964;1496;1174;18;0;21;1;2;0
Slocus_ubox;12506;206-m;1763.9599999999964;1496;1174;24;10;25;11;0;0
Slocus_ubox;12506;206-p;1763.9599999999964;1496;1174;24;10;26;12;0;0
Slocus_ubox;12506;208-m;1763.9599999999964;1496;1174;16;0;22;0;0;0
Slocus_ubox;12506;208-p;1763.9599999999964;1496;1174;20;0;22;0;0;0
Slocus_ubox;12506;266-m;1763.9599999999964;1496;1174;32;4;33;5;0;0
Slocus_ubox;12506;266-p;1763.9599999999964;1496;1174;32;0;32;0;0;0
Slocus_ubox;12506;46-m;1763.9599999999964;1496;1174;24;10;28;12;0;0
Slocus_ubox;12506;46-p;1763.9599999999964;1496;1174;32;4;33;5;0;0
Slocus_ubox;12506;47-m;1763.9599999999964;1496;1174;18;0;22;0;2;0
Slocus_ubox;12506;48-m;1763.9599999999964;1496;1174;21;7;25;9;0;0
Slocus_ubox;12506;48-p;1763.9599999999964;1496;1174;16;0;18;0;0;0
Slocus_ubox;12506;50-m;1763.9599999999964;1496;1174;16;0;18;0;0;0
Slocus_ubox;12506;50-p;1763.9599999999964;1496;1174;24;10;26;12;0;0
Slocus_ubox;12506;51-m;1763.9599999999964;1496;1174;23;9;27;11;0;0
Slocus_ubox;12506;51-p;1763.9599999999964;1496;1174;17;3;19;3;0;0
Slocus_ubox;12506;55-m;1763.9599999999964;1496;1174;19;3;22;4;1;1
Slocus_ubox;15007;10-m;1871.1199999999963;1586;1286;16;0;18;0;0;0
Slocus_ubox;15007;12-m;1871.1199999999963;1586;1286;19;11;21;11;0;0
Slocus_ubox;15007;12-p;1871.1199999999963;1586;1286;23;1;25;1;0;0
Slocus_ubox;15007;17-m;1871.1199999999963;1586;1286;19;13;21;13;0;0
Slocus_ubox;15007;17-p;1871.1199999999963;1586;1286;21;1;23;1;0;0
Slocus_ubox;15007;191-m;1871.1199999999963;1586;1286;18;12;20;12;0;0
Slocus_ubox;15007;191-p;1871.1199999999963;1586;1286;17;9;19;9;0;0
Slocus_ubox;15007;205-m;1871.1199999999963;1586;1286;22;0;24;0;0;0
Slocus_ubox;15007;205-p;1871.1199999999963;1586;1286;14;2;16;2;0;0
Slocus_ubox;15007;206-m;1871.1199999999963;1586;1286;17;9;19;9;0;0
Slocus_ubox;15007;206-p;1871.1199999999963;1586;1286;20;12;22;12;0;0
Slocus_ubox;15007;208-m;1871.1199999999963;1586;1286;16;0;18;0;0;0
Slocus_ubox;15007;208-p;1871.1199999999963;1586;1286;20;8;22;8;0;0
Slocus_ubox;15007;266-m;1871.1199999999963;1586;1286;23;1;25;1;0;0
Slocus_ubox;15007;266-p;1871.1199999999963;1586;1286;22;0;24;0;0;0
Slocus_ubox;15007;46-m;1871.1199999999963;1586;1286;17;9;19;9;0;0
Slocus_ubox;15007;46-p;1871.1199999999963;1586;1286;23;1;25;1;0;0
Slocus_ubox;15007;47-m;1871.1199999999963;1586;1286;12;0;14;0;0;0
Slocus_ubox;15007;48-m;1871.1199999999963;1586;1286;17;13;19;13;0;0
Slocus_ubox;15007;48-p;1871.1199999999963;1586;1286;14;2;16;2;0;0
Slocus_ubox;15007;50-m;1871.1199999999963;1586;1286;12;0;14;0;0;0
Slocus_ubox;15007;50-p;1871.1199999999963;1586;1286;20;12;22;12;0;0
Slocus_ubox;15007;51-m;1871.1199999999963;1586;1286;20;12;22;12;0;0
Slocus_ubox;15007;51-p;1871.1199999999963;1586;1286;12;0;14;0;0;0
Slocus_ubox;15007;55-m;1871.1199999999963;1586;1286;19;13;21;13;0;0
Slocus_ubox;17508;10-m;1931.279999999995;1596;1246;10;0;8;0;0;0
Slocus_ubox;17508;12-m;1931.279999999995;1596;1246;13;11;8;8;0;0
Slocus_ubox;17508;12-p;1931.279999999995;1596;1246;14;4;6;4;0;0
Slocus_ubox;17508;17-m;1931.279999999995;1596;1246;8;0;2;0;0;0
Slocus_ubox;17508;17-p;1931.279999999995;1596;1246;13;5;5;3;0;0
Slocus_ubox;17508;191-m;1931.279999999995;1596;1246;13;5;6;4;0;0
Slocus_ubox;17508;191-p;1931.279999999995;1596;1246;12;8;4;4;0;0
Slocus_ubox;17508;205-m;1931.279999999995;1596;1246;13;5;5;3;0;0
Slocus_ubox;17508;205-p;1931.279999999995;1596;1246;9;3;3;3;0;0
Slocus_ubox;17508;206-m;1931.279999999995;1596;1246;10;2;3;1;0;0
Slocus_ubox;17508;206-p;1931.279999999995;1596;1246;11;9;6;6;0;0
Slocus_ubox;17508;208-m;1931.279999999995;1596;1246;8;0;2;0;0;0
Slocus_ubox;17508;208-p;1931.279999999995;1596;1246;9;1;3;1;0;0
Slocus_ubox;17508;266-m;1931.279999999995;1596;1246;14;4;6;4;0;0
Slocus_ubox;17508;266-p;1931.279999999995;1596;1246;13;5;5;3;0;0
Slocus_ubox;17508;46-m;1931.279999999995;1596;1246;12;4;5;3;0;0
Slocus_ubox;17508;46-p;1931.279999999995;1596;1246;11;3;3;1;0;0
Slocus_ubox;17508;47-m;1931.279999999995;1596;1246;8;0;2;0;0;0
Slocus_ubox;17508;48-m;1931.279999999995;1596;1246;9;5;2;2;0;0
Slocus_ubox;17508;48-p;1931.279999999995;1596;1246;8;4;3;3;0;0
Slocus_ubox;17508;50-m;1931.279999999995;1596;1246;10;6;2;2;0;0
Slocus_ubox;17508;50-p;1931.279999999995;1596;1246;11;9;6;6;0;0
Slocus_ubox;17508;51-m;1931.279999999995;1596;1246;10;2;3;1;0;0
Slocus_ubox;17508;51-p;1931.279999999995;1596;1246;9;5;2;2;0;0
Slocus_ubox;17508;55-m;1931.279999999995;1596;1246;8;0;2;0;0;0
Slocus_ubox;20009;10-m;3532.2800000000275;2900;2475;48;0;52;0;4;0
Slocus_ubox;20009;12-m;3532.2800000000275;2900;2475;49;15;56;20;5;3
Slocus_ubox;20009;12-p;3532.2800000000275;2900;2475;52;8;61;11;6;2
Slocus_ubox;20009;17-m;3532.2800000000275;2900;2475;50;14;58;16;4;2
Slocus_ubox;20009;17-p;3532.2800000000275;2900;2475;52;8;62;10;5;1
Slocus_ubox;20009;191-m;3532.2800000000275;2900;2475;53;9;61;11;5;1
Slocus_ubox;20009;191-p;3532.2800000000275;2900;2475;54;10;62;12;5;1
Slocus_ubox;20009;205-m;3532.2800000000275;2900;2475;52;8;62;10;5;1
Slocus_ubox;20009;205-p;3532.2800000000275;2900;2475;50;18;56;20;5;3
Slocus_ubox;20009;206-m;3532.2800000000275;2900;2475;55;7;63;7;4;0
Slocus_ubox;20009;206-p;3532.2800000000275;2900;2475;51;17;57;19;5;3
Slocus_ubox;20009;208-m;3532.2800000000275;2900;2475;54;0;60;0;8;0
Slocus_ubox;20009;208-p;3532.2800000000275;2900;2475;50;12;57;15;3;1
Slocus_ubox;20009;266-m;3532.2800000000275;2900;2475;52;8;61;11;6;2
Slocus_ubox;20009;266-p;3532.2800000000275;2900;2475;52;8;62;10;5;1
Slocus_ubox;20009;46-m;3532.2800000000275;2900;2475;53;17;61;21;7;5
Slocus_ubox;20009;46-p;3532.2800000000275;2900;2475;54;6;63;9;5;1
Slocus_ubox;20009;47-m;3532.2800000000275;2900;2475;56;0;64;0;6;0
Slocus_ubox;20009;48-m;3532.2800000000275;2900;2475;53;13;62;16;6;4
Slocus_ubox;20009;48-p;3532.2800000000275;2900;2475;52;16;57;19;4;2
Slocus_ubox;20009;50-m;3532.2800000000275;2900;2475;51;11;57;13;3;1
Slocus_ubox;20009;50-p;3532.2800000000275;2900;2475;51;17;57;19;5;3
Slocus_ubox;20009;51-m;3532.2800000000275;2900;2475;54;14;61;15;7;5
Slocus_ubox;20009;51-p;3532.2800000000275;2900;2475;56;8;63;9;4;0
Slocus_ubox;20009;55-m;3532.2800000000275;2900;2475;50;14;58;16;4;2
Slocus_ubox;22510;10-m;595.3600000000002;466;441;12;0;4;0;0;0
Slocus_ubox;22510;12-m;595.3600000000002;466;441;12;2;4;0;0;0
Slocus_ubox;22510;12-p;595.3600000000002;466;441;11;1;4;0;0;0
Slocus_ubox;22510;17-m;595.3600000000002;466;441;13;3;4;0;0;0
Slocus_ubox;22510;17-p;595.3600000000002;466;441;11;1;4;0;0;0
Slocus_ubox;22510;191-m;595.3600000000002;466;441;11;1;4;0;0;0
Slocus_ubox;22510;191-p;595.3600000000002;466;441;11;1;4;0;0;0
Slocus_ubox;22510;205-m;595.3600000000002;466;441;12;0;4;0;0;0
Slocus_ubox;22510;205-p;595.3600000000002;466;441;12;2;4;0;0;0
Slocus_ubox;22510;206-m;595.3600000000002;466;441;11;1;4;0;0;0
Slocus_ubox;22510;206-p;595.3600000000002;466;441;11;1;4;0;0;0
Slocus_ubox;22510;208-m;595.3600000000002;466;441;12;0;4;0;0;0
Slocus_ubox;22510;208-p;595.3600000000002;466;441;12;2;4;0;0;0
Slocus_ubox;22510;266-m;595.3600000000002;466;441;11;1;4;0;0;0
Slocus_ubox;22510;266-p;595.3600000000002;466;441;12;0;4;0;0;0
Slocus_ubox;22510;46-m;595.3600000000002;466;441;12;2;4;0;0;0
Slocus_ubox;22510;46-p;595.3600000000002;466;441;11;1;4;0;0;0
Slocus_ubox;22510;47-m;595.3600000000002;466;441;12;0;4;0;0;0
Slocus_ubox;22510;48-m;595.3600000000002;466;441;11;1;4;0;0;0
Slocus_ubox;22510;48-p;595.3600000000002;466;441;11;1;4;0;0;0
Slocus_ubox;22510;50-m;595.3600000000002;466;441;10;0;5;1;1;1
Slocus_ubox;22510;50-p;595.3600000000002;466;441;11;1;4;0;0;0
Slocus_ubox;22510;51-m;595.3600000000002;466;441;11;1;4;0;0;0
Slocus_ubox;22510;51-p;595.3600000000002;466;441;10;0;4;0;0;0
Slocus_ubox;22510;55-m;595.3600000000002;466;441;13;3;4;0;0;0
Slocus_ubox;25011;10-m;1303.360000000001;1042;1087;28;2;23;1;0;0
Slocus_ubox;25011;12-m;1303.360000000001;1042;1087;30;0;24;0;0;0
Slocus_ubox;25011;12-p;1303.360000000001;1042;1087;28;2;23;1;0;0
Slocus_ubox;25011;17-m;1303.360000000001;1042;1087;26;0;22;0;0;0
Slocus_ubox;25011;17-p;1303.360000000001;1042;1087;31;3;25;3;0;0
Slocus_ubox;25011;191-m;1303.360000000001;1042;1087;28;2;23;1;0;0
Slocus_ubox;25011;191-p;1303.360000000001;1042;1087;28;2;23;1;0;0
Slocus_ubox;25011;205-m;1303.360000000001;1042;1087;31;3;25;3;0;0
Slocus_ubox;25011;205-p;1303.360000000001;1042;1087;28;2;23;1;0;0
Slocus_ubox;25011;206-m;1303.360000000001;1042;1087;29;3;24;2;0;0
Slocus_ubox;25011;206-p;1303.360000000001;1042;1087;26;0;22;0;0;0
Slocus_ubox;25011;208-m;1303.360000000001;1042;1087;26;0;22;0;0;0
Slocus_ubox;25011;208-p;1303.360000000001;1042;1087;26;0;22;0;0;0
Slocus_ubox;25011;266-m;1303.360000000001;1042;1087;28;2;23;1;0;0
Slocus_ubox;25011;266-p;1303.360000000001;1042;1087;31;3;25;3;0;0
Slocus_ubox;25011;46-m;1303.360000000001;1042;1087;28;2;23;1;0;0
Slocus_ubox;25011;46-p;1303.360000000001;1042;1087;29;3;24;2;0;0
Slocus_ubox;25011;47-m;1303.360000000001;1042;1087;26;0;22;0;0;0
Slocus_ubox;25011;48-m;1303.360000000001;1042;1087;27;1;23;1;0;0
Slocus_ubox;25011;48-p;1303.360000000001;1042;1087;28;2;23;1;0;0
Slocus_ubox;25011;50-m;1303.360000000001;1042;1087;27;1;22;0;0;0
Slocus_ubox;25011;50-p;1303.360000000001;1042;1087;28;2;23;1;0;0
Slocus_ubox;25011;51-m;1303.360000000001;1042;1087;26;0;22;0;0;0
Slocus_ubox;25011;51-p;1303.360000000001;1042;1087;26;0;22;0;0;0
Slocus_ubox;25011;55-m;1303.360000000001;1042;1087;26;0;22;0;0;0
Slocus_ubox;27512;10-m;1721.399999999996;1398;1358;19;1;7;1;2;0
Slocus_ubox;27512;12-m;1721.399999999996;1398;1358;20;0;8;0;2;0
Slocus_ubox;27512;12-p;1721.399999999996;1398;1358;18;2;7;1;2;0
Slocus_ubox;27512;17-m;1721.399999999996;1398;1358;17;1;6;0;2;0
Slocus_ubox;27512;17-p;1721.399999999996;1398;1358;20;0;8;0;2;0
Slocus_ubox;27512;191-m;1721.399999999996;1398;1358;18;2;7;1;2;0
Slocus_ubox;27512;191-p;1721.399999999996;1398;1358;19;3;7;1;2;0
Slocus_ubox;27512;205-m;1721.399999999996;1398;1358;20;0;8;0;2;0
Slocus_ubox;27512;205-p;1721.399999999996;1398;1358;18;2;7;1;2;0
Slocus_ubox;27512;206-m;1721.399999999996;1398;1358;19;3;7;1;2;0
Slocus_ubox;27512;206-p;1721.399999999996;1398;1358;17;1;6;0;2;0
Slocus_ubox;27512;208-m;1721.399999999996;1398;1358;18;0;6;0;2;0
Slocus_ubox;27512;208-p;1721.399999999996;1398;1358;17;1;6;0;2;0
Slocus_ubox;27512;266-m;1721.399999999996;1398;1358;18;2;7;1;2;0
Slocus_ubox;27512;266-p;1721.399999999996;1398;1358;20;0;8;0;2;0
Slocus_ubox;27512;46-m;1721.399999999996;1398;1358;19;1;7;1;2;0
Slocus_ubox;27512;46-p;1721.399999999996;1398;1358;18;2;7;1;2;0
Slocus_ubox;27512;47-m;1721.399999999996;1398;1358;16;0;6;0;2;0
Slocus_ubox;27512;48-m;1721.399999999996;1398;1358;17;1;6;0;2;0
Slocus_ubox;27512;48-p;1721.399999999996;1398;1358;19;3;7;1;2;0
Slocus_ubox;27512;50-m;1721.399999999996;1398;1358;19;3;7;1;2;0
Slocus_ubox;27512;50-p;1721.399999999996;1398;1358;18;2;7;1;2;0
Slocus_ubox;27512;51-m;1721.399999999996;1398;1358;17;1;6;0;2;0
Slocus_ubox;27512;51-p;1721.399999999996;1398;1358;18;0;6;0;2;0
Slocus_ubox;27512;55-m;1721.399999999996;1398;1358;17;1;6;0;2;0
Slocus_ubox;30013;10-m;2174.5599999999968;1834;1484;15;5;19;5;0;0
Slocus_ubox;30013;12-m;2174.5599999999968;1834;1484;14;0;18;0;0;0
Slocus_ubox;30013;12-p;2174.5599999999968;1834;1484;13;1;17;1;0;0
Slocus_ubox;30013;17-m;2174.5599999999968;1834;1484;16;6;20;6;0;0
Slocus_ubox;30013;17-p;2174.5599999999968;1834;1484;12;2;16;2;0;0
Slocus_ubox;30013;191-m;2174.5599999999968;1834;1484;15;5;19;5;0;0
Slocus_ubox;30013;191-p;2174.5599999999968;1834;1484;12;2;16;2;0;0
Slocus_ubox;30013;205-m;2174.5599999999968;1834;1484;13;1;17;1;0;0
Slocus_ubox;30013;205-p;2174.5599999999968;1834;1484;15;5;19;5;0;0
Slocus_ubox;30013;206-m;2174.5599999999968;1834;1484;13;3;17;3;0;0
Slocus_ubox;30013;206-p;2174.5599999999968;1834;1484;14;4;18;4;0;0
Slocus_ubox;30013;208-m;2174.5599999999968;1834;1484;16;0;20;0;2;0
Slocus_ubox;30013;208-p;2174.5599999999968;1834;1484;16;0;20;0;0;0
Slocus_ubox;30013;266-m;2174.5599999999968;1834;1484;13;1;17;1;0;0
Slocus_ubox;30013;266-p;2174.5599999999968;1834;1484;13;1;17;1;0;0
Slocus_ubox;30013;46-m;2174.5599999999968;1834;1484;14;2;18;2;0;0
Slocus_ubox;30013;46-p;2174.5599999999968;1834;1484;12;0;16;0;0;0
Slocus_ubox;30013;47-m;2174.5599999999968;1834;1484;16;0;20;0;0;0
Slocus_ubox;30013;48-m;2174.5599999999968;1834;1484;17;3;21;3;1;1
Slocus_ubox;30013;48-p;2174.5599999999968;1834;1484;14;4;18;4;0;0
Slocus_ubox;30013;50-m;2174.5599999999968;1834;1484;15;1;19;1;0;0
Slocus_ubox;30013;50-p;2174.5599999999968;1834;1484;13;1;17;1;0;0
Slocus_ubox;30013;51-m;2174.5599999999968;1834;1484;16;2;20;2;1;1
Slocus_ubox;30013;51-p;2174.5599999999968;1834;1484;14;0;18;0;0;0
Slocus_ubox;30013;55-m;2174.5599999999968;1834;1484;16;4;20;4;0;0
Slocus_ubox;32514;10-m;0;0;0;NA;NA;NA;NA;NA;NA
Slocus_ubox;32514;12-m;0;0;0;NA;NA;NA;NA;NA;NA
Slocus_ubox;32514;12-p;0;0;0;NA;NA;NA;NA;NA;NA
Slocus_ubox;32514;17-m;0;0;0;NA;NA;NA;NA;NA;NA
Slocus_ubox;32514;17-p;0;0;0;NA;NA;NA;NA;NA;NA
Slocus_ubox;32514;191-m;0;0;0;NA;NA;NA;NA;NA;NA
Slocus_ubox;32514;191-p;0;0;0;NA;NA;NA;NA;NA;NA
Slocus_ubox;32514;205-m;0;0;0;NA;NA;NA;NA;NA;NA
Slocus_ubox;32514;205-p;0;0;0;NA;NA;NA;NA;NA;NA
Slocus_ubox;32514;206-m;0;0;0;NA;NA;NA;NA;NA;NA
Slocus_ubox;32514;206-p;0;0;0;NA;NA;NA;NA;NA;NA
Slocus_ubox;32514;208-m;0;0;0;NA;NA;NA;NA;NA;NA
Slocus_ubox;32514;208-p;0;0;0;NA;NA;NA;NA;NA;NA
Slocus_ubox;32514;266-m;0;0;0;NA;NA;NA;NA;NA;NA
Slocus_ubox;32514;266-p;0;0;0;NA;NA;NA;NA;NA;NA
Slocus_ubox;32514;46-m;0;0;0;NA;NA;NA;NA;NA;NA
Slocus_ubox;32514;46-p;0;0;0;NA;NA;NA;NA;NA;NA
Slocus_ubox;32514;47-m;0;0;0;NA;NA;NA;NA;NA;NA
Slocus_ubox;32514;48-m;0;0;0;NA;NA;NA;NA;NA;NA
Slocus_ubox;32514;48-p;0;0;0;NA;NA;NA;NA;NA;NA
Slocus_ubox;32514;50-m;0;0;0;NA;NA;NA;NA;NA;NA
Slocus_ubox;32514;50-p;0;0;0;NA;NA;NA;NA;NA;NA
Slocus_ubox;32514;51-m;0;0;0;NA;NA;NA;NA;NA;NA
Slocus_ubox;32514;51-p;0;0;0;NA;NA;NA;NA;NA;NA
Slocus_ubox;32514;55-m;0;0;0;NA;NA;NA;NA;NA;NA
Slocus_ubox;35015;10-m;970.2000000000029;792;647;0;0;0;0;0;0
Slocus_ubox;35015;12-m;970.2000000000029;792;647;0;0;0;0;0;0
Slocus_ubox;35015;12-p;970.2000000000029;792;647;0;0;0;0;0;0
Slocus_ubox;35015;17-m;970.2000000000029;792;647;0;0;0;0;0;0
Slocus_ubox;35015;17-p;970.2000000000029;792;647;0;0;0;0;0;0
Slocus_ubox;35015;191-m;970.2000000000029;792;647;0;0;0;0;0;0
Slocus_ubox;35015;191-p;970.2000000000029;792;647;0;0;0;0;0;0
Slocus_ubox;35015;205-m;970.2000000000029;792;647;0;0;0;0;0;0
Slocus_ubox;35015;205-p;970.2000000000029;792;647;0;0;0;0;0;0
Slocus_ubox;35015;206-m;970.2000000000029;792;647;0;0;0;0;0;0
Slocus_ubox;35015;206-p;970.2000000000029;792;647;0;0;0;0;0;0
Slocus_ubox;35015;208-m;970.2000000000029;792;647;0;0;0;0;0;0
Slocus_ubox;35015;208-p;970.2000000000029;792;647;0;0;0;0;0;0
Slocus_ubox;35015;266-m;970.2000000000029;792;647;0;0;0;0;0;0
Slocus_ubox;35015;266-p;970.2000000000029;792;647;0;0;0;0;0;0
Slocus_ubox;35015;46-m;970.2000000000029;792;647;0;0;0;0;0;0
Slocus_ubox;35015;46-p;970.2000000000029;792;647;0;0;0;0;0;0
Slocus_ubox;35015;47-m;970.2000000000029;792;647;0;0;0;0;0;0
Slocus_ubox;35015;48-m;970.2000000000029;792;647;0;0;0;0;0;0
Slocus_ubox;35015;48-p;970.2000000000029;792;647;0;0;0;0;0;0
Slocus_ubox;35015;50-m;970.2000000000029;792;647;0;0;0;0;0;0
Slocus_ubox;35015;50-p;970.2000000000029;792;647;0;0;0;0;0;0
Slocus_ubox;35015;51-m;970.2000000000029;792;647;0;0;0;0;0;0
Slocus_ubox;35015;51-p;970.2000000000029;792;647;0;0;0;0;0;0
Slocus_ubox;35015;55-m;970.2000000000029;792;647;0;0;0;0;0;0
Slocus_ubox;37516;10-m;2072.799999999994;1690;1789;27;3;26;4;1;1
Slocus_ubox;37516;12-m;2072.799999999994;1690;1789;16;0;12;0;0;0
Slocus_ubox;37516;12-p;2072.799999999994;1690;1789;22;2;19;1;0;0
Slocus_ubox;37516;17-m;2072.799999999994;1690;1789;28;6;27;7;1;1
Slocus_ubox;37516;17-p;2072.799999999994;1690;1789;27;3;25;3;1;1
Slocus_ubox;37516;191-m;2072.799999999994;1690;1789;20;4;19;5;1;1
Slocus_ubox;37516;191-p;2072.799999999994;1690;1789;22;2;19;1;0;0
Slocus_ubox;37516;205-m;2072.799999999994;1690;1789;24;6;22;6;1;1
Slocus_ubox;37516;205-p;2072.799999999994;1690;1789;19;5;15;5;0;0
Slocus_ubox;37516;206-m;2072.799999999994;1690;1789;22;6;19;5;0;0
Slocus_ubox;37516;206-p;2072.799999999994;1690;1789;24;4;22;4;0;0
Slocus_ubox;37516;208-m;2072.799999999994;1690;1789;28;0;24;0;2;0
Slocus_ubox;37516;208-p;2072.799999999994;1690;1789;28;2;28;4;0;0
Slocus_ubox;37516;266-m;2072.799999999994;1690;1789;24;4;21;3;1;1
Slocus_ubox;37516;266-p;2072.799999999994;1690;1789;21;3;19;3;0;0
Slocus_ubox;37516;46-m;2072.799999999994;1690;1789;25;1;22;0;2;0
Slocus_ubox;37516;46-p;2072.799999999994;1690;1789;19;5;14;4;0;0
Slocus_ubox;37516;47-m;2072.799999999994;1690;1789;26;0;24;0;2;0
Slocus_ubox;37516;48-m;2072.799999999994;1690;1789;28;6;25;5;1;1
Slocus_ubox;37516;48-p;2072.799999999994;1690;1789;23;5;20;4;0;0
Slocus_ubox;37516;50-m;2072.799999999994;1690;1789;20;2;17;1;0;0
Slocus_ubox;37516;50-p;2072.799999999994;1690;1789;25;7;22;6;1;1
Slocus_ubox;37516;51-m;2072.799999999994;1690;1789;26;2;24;2;0;0
Slocus_ubox;37516;51-p;2072.799999999994;1690;1789;24;0;20;0;0;0
Slocus_ubox;37516;55-m;2072.799999999994;1690;1789;26;6;25;7;1;1
Slocus_ubox;40017;10-m;1788.7199999999955;1464;1216;36;8;30;8;8;0
Slocus_ubox;40017;12-m;1788.7199999999955;1464;1216;28;0;22;0;8;0
Slocus_ubox;40017;12-p;1788.7199999999955;1464;1216;28;2;20;2;6;2
Slocus_ubox;40017;17-m;1788.7199999999955;1464;1216;30;6;25;5;7;1
Slocus_ubox;40017;17-p;1788.7199999999955;1464;1216;37;9;30;8;8;0
Slocus_ubox;40017;191-m;1788.7199999999955;1464;1216;27;1;20;2;6;2
Slocus_ubox;40017;191-p;1788.7199999999955;1464;1216;28;0;22;2;8;2
Slocus_ubox;40017;205-m;1788.7199999999955;1464;1216;36;8;29;9;8;2
Slocus_ubox;40017;205-p;1788.7199999999955;1464;1216;27;3;22;2;7;1
Slocus_ubox;40017;206-m;1788.7199999999955;1464;1216;36;8;29;9;8;2
Slocus_ubox;40017;206-p;1788.7199999999955;1464;1216;35;11;27;9;6;2
Slocus_ubox;40017;208-m;1788.7199999999955;1464;1216;30;0;22;0;6;0
Slocus_ubox;40017;208-p;1788.7199999999955;1464;1216;32;8;25;7;6;2
Slocus_ubox;40017;266-m;1788.7199999999955;1464;1216;28;2;20;2;6;2
Slocus_ubox;40017;266-p;1788.7199999999955;1464;1216;36;8;29;9;8;2
Slocus_ubox;40017;46-m;1788.7199999999955;1464;1216;29;1;22;2;7;1
Slocus_ubox;40017;46-p;1788.7199999999955;1464;1216;34;8;25;7;6;2
Slocus_ubox;40017;47-m;1788.7199999999955;1464;1216;24;0;20;0;6;0
Slocus_ubox;40017;48-m;1788.7199999999955;1464;1216;28;2;20;2;5;1
Slocus_ubox;40017;48-p;1788.7199999999955;1464;1216;28;2;22;2;7;1
Slocus_ubox;40017;50-m;1788.7199999999955;1464;1216;28;0;22;2;7;1
Slocus_ubox;40017;50-p;1788.7199999999955;1464;1216;29;5;21;3;6;2
Slocus_ubox;40017;51-m;1788.7199999999955;1464;1216;32;4;25;3;7;1
Slocus_ubox;40017;51-p;1788.7199999999955;1464;1216;28;0;22;0;8;0
Slocus_ubox;40017;55-m;1788.7199999999955;1464;1216;33;9;28;8;7;1
Slocus_ubox;42518;10-m;244.15999999999983;194;185;4;2;4;2;0;0
Slocus_ubox;42518;12-m;244.15999999999983;194;185;2;0;2;0;0;0
Slocus_ubox;42518;12-p;244.15999999999983;194;185;2;0;2;0;0;0
Slocus_ubox;42518;17-m;244.15999999999983;194;185;2;0;2;0;0;0
Slocus_ubox;42518;17-p;244.15999999999983;194;185;4;2;5;3;1;1
Slocus_ubox;42518;191-m;244.15999999999983;194;185;2;0;2;0;0;0
Slocus_ubox;42518;191-p;244.15999999999983;194;185;2;0;2;0;0;0
Slocus_ubox;42518;205-m;244.15999999999983;194;185;2;0;3;1;1;1
Slocus_ubox;42518;205-p;244.15999999999983;194;185;4;2;4;2;0;0
Slocus_ubox;42518;206-m;244.15999999999983;194;185;2;0;3;1;1;1
Slocus_ubox;42518;206-p;244.15999999999983;194;185;2;0;2;0;0;0
Slocus_ubox;42518;208-m;244.15999999999983;194;185;2;0;2;0;0;0
Slocus_ubox;42518;208-p;244.15999999999983;194;185;2;0;2;0;0;0
Slocus_ubox;42518;266-m;244.15999999999983;194;185;2;0;2;0;0;0
Slocus_ubox;42518;266-p;244.15999999999983;194;185;2;0;3;1;1;1
Slocus_ubox;42518;46-m;244.15999999999983;194;185;2;0;2;0;0;0
Slocus_ubox;42518;46-p;244.15999999999983;194;185;2;0;3;1;1;1
Slocus_ubox;42518;47-m;244.15999999999983;194;185;2;0;2;0;0;0
Slocus_ubox;42518;48-m;244.15999999999983;194;185;2;0;2;0;0;0
Slocus_ubox;42518;48-p;244.15999999999983;194;185;4;2;4;2;0;0
Slocus_ubox;42518;50-m;244.15999999999983;194;185;2;0;2;0;0;0
Slocus_ubox;42518;50-p;244.15999999999983;194;185;4;2;4;2;0;0
Slocus_ubox;42518;51-m;244.15999999999983;194;185;2;0;2;0;0;0
Slocus_ubox;42518;51-p;244.15999999999983;194;185;2;0;2;0;0;0
Slocus_ubox;42518;55-m;244.15999999999983;194;185;2;0;2;0;0;0
Slocus_ubox;45019;10-m;408.5999999999997;336;260;0;0;2;0;0;0
Slocus_ubox;45019;12-m;408.5999999999997;336;260;0;0;2;0;0;0
Slocus_ubox;45019;12-p;408.5999999999997;336;260;0;0;2;0;0;0
Slocus_ubox;45019;17-m;408.5999999999997;336;260;0;0;2;0;0;0
Slocus_ubox;45019;17-p;408.5999999999997;336;260;1;1;3;1;0;0
Slocus_ubox;45019;191-m;408.5999999999997;336;260;0;0;2;0;0;0
Slocus_ubox;45019;191-p;408.5999999999997;336;260;0;0;2;0;0;0
Slocus_ubox;45019;205-m;408.5999999999997;336;260;1;1;3;1;0;0
Slocus_ubox;45019;205-p;408.5999999999997;336;260;0;0;2;0;0;0
Slocus_ubox;45019;206-m;408.5999999999997;336;260;1;1;3;1;0;0
Slocus_ubox;45019;206-p;408.5999999999997;336;260;0;0;2;0;0;0
Slocus_ubox;45019;208-m;408.5999999999997;336;260;0;0;2;0;0;0
Slocus_ubox;45019;208-p;408.5999999999997;336;260;0;0;2;0;0;0
Slocus_ubox;45019;266-m;408.5999999999997;336;260;0;0;2;0;0;0
Slocus_ubox;45019;266-p;408.5999999999997;336;260;1;1;3;1;0;0
Slocus_ubox;45019;46-m;408.5999999999997;336;260;0;0;1;1;0;0
Slocus_ubox;45019;46-p;408.5999999999997;336;260;1;1;3;1;0;0
Slocus_ubox;45019;47-m;408.5999999999997;336;260;0;0;2;0;0;0
Slocus_ubox;45019;48-m;408.5999999999997;336;260;0;0;2;0;0;0
Slocus_ubox;45019;48-p;408.5999999999997;336;260;0;0;2;0;0;0
Slocus_ubox;45019;50-m;408.5999999999997;336;260;0;0;2;0;0;0
Slocus_ubox;45019;50-p;408.5999999999997;336;260;0;0;2;0;0;0
Slocus_ubox;45019;51-m;408.5999999999997;336;260;0;0;2;0;0;0
Slocus_ubox;45019;51-p;408.5999999999997;336;260;0;0;2;0;0;0
Slocus_ubox;45019;55-m;408.5999999999997;336;260;0;0;2;0;0;0
Slocus_ubox;47520;10-m;471.7599999999996;382;336;17;1;8;0;0;0
Slocus_ubox;47520;12-m;471.7599999999996;382;336;16;0;8;0;0;0
Slocus_ubox;47520;12-p;471.7599999999996;382;336;17;1;8;0;0;0
Slocus_ubox;47520;17-m;471.7599999999996;382;336;16;0;8;0;0;0
Slocus_ubox;47520;17-p;471.7599999999996;382;336;18;2;8;0;0;0
Slocus_ubox;47520;191-m;471.7599999999996;382;336;16;0;8;0;0;0
Slocus_ubox;47520;191-p;471.7599999999996;382;336;16;0;8;0;0;0
Slocus_ubox;47520;205-m;471.7599999999996;382;336;17;1;8;0;0;0
Slocus_ubox;47520;205-p;471.7599999999996;382;336;19;1;8;0;0;0
Slocus_ubox;47520;206-m;471.7599999999996;382;336;16;0;8;0;0;0
Slocus_ubox;47520;206-p;471.7599999999996;382;336;17;1;8;0;0;0
Slocus_ubox;47520;208-m;471.7599999999996;382;336;16;0;8;0;0;0
Slocus_ubox;47520;208-p;471.7599999999996;382;336;16;0;8;0;0;0
Slocus_ubox;47520;266-m;471.7599999999996;382;336;17;1;8;0;0;0
Slocus_ubox;47520;266-p;471.7599999999996;382;336;17;1;8;0;0;0
Slocus_ubox;47520;46-m;471.7599999999996;382;336;16;0;8;0;0;0
Slocus_ubox;47520;46-p;471.7599999999996;382;336;18;0;8;0;0;0
Slocus_ubox;47520;47-m;471.7599999999996;382;336;18;0;8;0;0;0
Slocus_ubox;47520;48-m;471.7599999999996;382;336;17;1;8;0;0;0
Slocus_ubox;47520;48-p;471.7599999999996;382;336;9;1;4;0;0;0
Slocus_ubox;47520;50-m;471.7599999999996;382;336;16;0;8;0;0;0
Slocus_ubox;47520;50-p;471.7599999999996;382;336;18;0;8;0;0;0
Slocus_ubox;47520;51-m;471.7599999999996;382;336;17;1;8;0;0;0
Slocus_ubox;47520;51-p;471.7599999999996;382;336;16;0;8;0;0;0
Slocus_ubox;47520;55-m;471.7599999999996;382;336;17;1;8;0;0;0
Slocus_ubox;50021;10-m;630.2400000000001;522;411;0;0;2;0;0;0
Slocus_ubox;50021;12-m;630.2400000000001;522;411;0;0;2;0;0;0
Slocus_ubox;50021;12-p;630.2400000000001;522;411;0;0;2;0;0;0
Slocus_ubox;50021;17-m;630.2400000000001;522;411;1;1;3;1;1;1
Slocus_ubox;50021;17-p;630.2400000000001;522;411;0;0;3;1;0;0
Slocus_ubox;50021;191-m;630.2400000000001;522;411;0;0;2;0;0;0
Slocus_ubox;50021;191-p;630.2400000000001;522;411;0;0;2;0;0;0
Slocus_ubox;50021;205-m;630.2400000000001;522;411;0;0;3;1;0;0
Slocus_ubox;50021;205-p;630.2400000000001;522;411;1;1;1;1;1;1
Slocus_ubox;50021;206-m;630.2400000000001;522;411;0;0;3;1;0;0
Slocus_ubox;50021;206-p;630.2400000000001;522;411;0;0;2;0;0;0
Slocus_ubox;50021;208-m;630.2400000000001;522;411;0;0;2;0;0;0
Slocus_ubox;50021;208-p;630.2400000000001;522;411;0;0;2;0;0;0
Slocus_ubox;50021;266-m;630.2400000000001;522;411;0;0;2;0;0;0
Slocus_ubox;50021;266-p;630.2400000000001;522;411;0;0;3;1;0;0
Slocus_ubox;50021;46-m;630.2400000000001;522;411;0;0;2;0;0;0
Slocus_ubox;50021;46-p;630.2400000000001;522;411;0;0;3;1;0;0
Slocus_ubox;50021;47-m;630.2400000000001;522;411;2;0;4;0;2;0
Slocus_ubox;50021;48-m;630.2400000000001;522;411;0;0;2;0;0;0
Slocus_ubox;50021;48-p;630.2400000000001;522;411;0;0;2;0;0;0
Slocus_ubox;50021;50-m;630.2400000000001;522;411;0;0;2;0;0;0
Slocus_ubox;50021;50-p;630.2400000000001;522;411;0;0;2;0;0;0
Slocus_ubox;50021;51-m;630.2400000000001;522;411;0;0;2;0;0;0
Slocus_ubox;50021;51-p;630.2400000000001;522;411;0;0;2;0;0;0
Slocus_ubox;50021;55-m;630.2400000000001;522;411;1;1;3;1;1;1
Slocus_ubox;52522;10-m;1904.7999999999943;1588;1357;17;1;9;1;0;0
Slocus_ubox;52522;12-m;1904.7999999999943;1588;1357;18;0;10;0;0;0
Slocus_ubox;52522;12-p;1904.7999999999943;1588;1357;17;1;9;1;0;0
Slocus_ubox;52522;17-m;1904.7999999999943;1588;1357;17;1;9;1;0;0
Slocus_ubox;52522;17-p;1904.7999999999943;1588;1357;18;2;10;2;0;0
Slocus_ubox;52522;191-m;1904.7999999999943;1588;1357;17;1;9;1;0;0
Slocus_ubox;52522;191-p;1904.7999999999943;1588;1357;18;0;10;0;0;0
Slocus_ubox;52522;205-m;1904.7999999999943;1588;1357;18;2;10;2;0;0
Slocus_ubox;52522;205-p;1904.7999999999943;1588;1357;16;0;8;0;0;0
Slocus_ubox;52522;206-m;1904.7999999999943;1588;1357;17;1;9;1;0;0
Slocus_ubox;52522;206-p;1904.7999999999943;1588;1357;16;0;8;0;0;0
Slocus_ubox;52522;208-m;1904.7999999999943;1588;1357;16;0;8;0;0;0
Slocus_ubox;52522;208-p;1904.7999999999943;1588;1357;18;2;10;2;0;0
Slocus_ubox;52522;266-m;1904.7999999999943;1588;1357;17;1;9;1;0;0
Slocus_ubox;52522;266-p;1904.7999999999943;1588;1357;18;2;10;2;0;0
Slocus_ubox;52522;46-m;1904.7999999999943;1588;1357;13;1;9;1;0;0
Slocus_ubox;52522;46-p;1904.7999999999943;1588;1357;17;3;9;3;0;0
Slocus_ubox;52522;47-m;1904.7999999999943;1588;1357;16;0;8;0;0;0
Slocus_ubox;52522;48-m;1904.7999999999943;1588;1357;18;2;9;1;0;0
Slocus_ubox;52522;48-p;1904.7999999999943;1588;1357;16;0;8;0;0;0
Slocus_ubox;52522;50-m;1904.7999999999943;1588;1357;17;1;9;1;0;0
Slocus_ubox;52522;50-p;1904.7999999999943;1588;1357;17;1;9;1;0;0
Slocus_ubox;52522;51-m;1904.7999999999943;1588;1357;16;0;8;0;0;0
Slocus_ubox;52522;51-p;1904.7999999999943;1588;1357;16;0;8;0;0;0
Slocus_ubox;52522;55-m;1904.7999999999943;1588;1357;17;1;9;1;0;0
Slocus_ubox;55023;10-m;308.7999999999998;256;376;2;0;4;0;0;0
Slocus_ubox;55023;12-m;308.7999999999998;256;376;2;0;4;0;0;0
Slocus_ubox;55023;12-p;308.7999999999998;256;376;2;0;4;0;0;0
Slocus_ubox;55023;17-m;308.7999999999998;256;376;2;0;4;0;0;0
Slocus_ubox;55023;17-p;308.7999999999998;256;376;2;0;4;0;0;0
Slocus_ubox;55023;191-m;308.7999999999998;256;376;2;0;4;0;0;0
Slocus_ubox;55023;191-p;308.7999999999998;256;376;2;0;4;0;0;0
Slocus_ubox;55023;205-m;308.7999999999998;256;376;2;0;4;0;0;0
Slocus_ubox;55023;205-p;308.7999999999998;256;376;2;0;4;0;0;0
Slocus_ubox;55023;206-m;308.7999999999998;256;376;2;0;4;0;0;0
Slocus_ubox;55023;206-p;308.7999999999998;256;376;2;0;4;0;0;0
Slocus_ubox;55023;208-m;308.7999999999998;256;376;2;0;4;0;0;0
Slocus_ubox;55023;208-p;308.7999999999998;256;376;2;0;4;0;0;0
Slocus_ubox;55023;266-m;308.7999999999998;256;376;2;0;4;0;0;0
Slocus_ubox;55023;266-p;308.7999999999998;256;376;2;0;4;0;0;0
Slocus_ubox;55023;46-m;308.7999999999998;256;376;2;0;4;0;0;0
Slocus_ubox;55023;46-p;308.7999999999998;256;376;2;0;4;0;0;0
Slocus_ubox;55023;47-m;308.7999999999998;256;376;2;0;4;0;0;0
Slocus_ubox;55023;48-m;308.7999999999998;256;376;2;0;4;0;0;0
Slocus_ubox;55023;48-p;308.7999999999998;256;376;2;0;4;0;0;0
Slocus_ubox;55023;50-m;308.7999999999998;256;376;2;0;4;0;0;0
Slocus_ubox;55023;50-p;308.7999999999998;256;376;2;0;4;0;0;0
Slocus_ubox;55023;51-m;308.7999999999998;256;376;2;0;4;0;0;0
Slocus_ubox;55023;51-p;308.7999999999998;256;376;2;0;4;0;0;0
Slocus_ubox;55023;55-m;308.7999999999998;256;376;2;0;4;0;0;0
Slocus_ubox;57524;10-m;137.71999999999994;110;104;0;0;0;0;0;0
Slocus_ubox;57524;12-m;137.71999999999994;110;104;0;0;0;0;0;0
Slocus_ubox;57524;12-p;137.71999999999994;110;104;0;0;0;0;0;0
Slocus_ubox;57524;17-m;137.71999999999994;110;104;0;0;0;0;0;0
Slocus_ubox;57524;17-p;137.71999999999994;110;104;0;0;0;0;0;0
Slocus_ubox;57524;191-m;137.71999999999994;110;104;0;0;0;0;0;0
Slocus_ubox;57524;191-p;137.71999999999994;110;104;0;0;0;0;0;0
Slocus_ubox;57524;205-m;137.71999999999994;110;104;0;0;0;0;0;0
Slocus_ubox;57524;205-p;137.71999999999994;110;104;0;0;0;0;0;0
Slocus_ubox;57524;206-m;137.71999999999994;110;104;0;0;0;0;0;0
Slocus_ubox;57524;206-p;137.71999999999994;110;104;0;0;0;0;0;0
Slocus_ubox;57524;208-m;137.71999999999994;110;104;0;0;0;0;0;0
Slocus_ubox;57524;208-p;137.71999999999994;110;104;0;0;0;0;0;0
Slocus_ubox;57524;266-m;137.71999999999994;110;104;0;0;0;0;0;0
Slocus_ubox;57524;266-p;137.71999999999994;110;104;0;0;0;0;0;0
Slocus_ubox;57524;46-m;137.71999999999994;110;104;0;0;0;0;0;0
Slocus_ubox;57524;46-p;137.71999999999994;110;104;0;0;0;0;0;0
Slocus_ubox;57524;47-m;137.71999999999994;110;104;0;0;0;0;0;0
Slocus_ubox;57524;48-m;137.71999999999994;110;104;0;0;0;0;0;0
Slocus_ubox;57524;48-p;137.71999999999994;110;104;0;0;0;0;0;0
Slocus_ubox;57524;50-m;137.71999999999994;110;104;0;0;0;0;0;0
Slocus_ubox;57524;50-p;137.71999999999994;110;104;0;0;0;0;0;0
Slocus_ubox;57524;51-m;137.71999999999994;110;104;0;0;0;0;0;0
Slocus_ubox;57524;51-p;137.71999999999994;110;104;0;0;0;0;0;0
Slocus_ubox;57524;55-m;137.71999999999994;110;104;0;0;0;0;0;0
Slocus_ubox;60025;10-m;0;0;89;NA;NA;NA;NA;0;0
Slocus_ubox;60025;12-m;0;0;89;NA;NA;NA;NA;0;0
Slocus_ubox;60025;12-p;0;0;89;NA;NA;NA;NA;0;0
Slocus_ubox;60025;17-m;0;0;89;NA;NA;NA;NA;0;0
Slocus_ubox;60025;17-p;0;0;89;NA;NA;NA;NA;0;0
Slocus_ubox;60025;191-m;0;0;89;NA;NA;NA;NA;0;0
Slocus_ubox;60025;191-p;0;0;89;NA;NA;NA;NA;0;0
Slocus_ubox;60025;205-m;0;0;89;NA;NA;NA;NA;0;0
Slocus_ubox;60025;205-p;0;0;89;NA;NA;NA;NA;0;0
Slocus_ubox;60025;206-m;0;0;89;NA;NA;NA;NA;0;0
Slocus_ubox;60025;206-p;0;0;89;NA;NA;NA;NA;0;0
Slocus_ubox;60025;208-m;0;0;89;NA;NA;NA;NA;0;0
Slocus_ubox;60025;208-p;0;0;89;NA;NA;NA;NA;0;0
Slocus_ubox;60025;266-m;0;0;89;NA;NA;NA;NA;0;0
Slocus_ubox;60025;266-p;0;0;89;NA;NA;NA;NA;0;0
Slocus_ubox;60025;46-m;0;0;89;NA;NA;NA;NA;0;0
Slocus_ubox;60025;46-p;0;0;89;NA;NA;NA;NA;0;0
Slocus_ubox;60025;47-m;0;0;89;NA;NA;NA;NA;0;0
Slocus_ubox;60025;48-m;0;0;89;NA;NA;NA;NA;0;0
Slocus_ubox;60025;48-p;0;0;89;NA;NA;NA;NA;0;0
Slocus_ubox;60025;50-m;0;0;89;NA;NA;NA;NA;0;0
Slocus_ubox;60025;50-p;0;0;89;NA;NA;NA;NA;0;0
Slocus_ubox;60025;51-m;0;0;89;NA;NA;NA;NA;0;0
Slocus_ubox;60025;51-p;0;0;89;NA;NA;NA;NA;0;0
Slocus_ubox;60025;55-m;0;0;89;NA;NA;NA;NA;0;0
Slocus_ubox;62526;10-m;75.15999999999998;58;58;4;2;3;1;2;0
Slocus_ubox;62526;12-m;75.15999999999998;58;58;4;0;2;0;2;0
Slocus_ubox;62526;12-p;75.15999999999998;58;58;4;0;2;0;2;0
Slocus_ubox;62526;17-m;75.15999999999998;58;58;4;0;2;0;2;0
Slocus_ubox;62526;17-p;75.15999999999998;58;58;4;2;3;1;2;0
Slocus_ubox;62526;191-m;75.15999999999998;58;58;4;0;2;0;2;0
Slocus_ubox;62526;191-p;75.15999999999998;58;58;4;0;2;0;2;0
Slocus_ubox;62526;205-m;75.15999999999998;58;58;4;0;2;0;2;0
Slocus_ubox;62526;205-p;75.15999999999998;58;58;4;2;3;1;2;0
Slocus_ubox;62526;206-m;75.15999999999998;58;58;4;0;2;0;2;0
Slocus_ubox;62526;206-p;75.15999999999998;58;58;4;0;2;0;2;0
Slocus_ubox;62526;208-m;75.15999999999998;58;58;0;0;0;0;0;0
Slocus_ubox;62526;208-p;75.15999999999998;58;58;4;0;2;0;2;0
Slocus_ubox;62526;266-m;75.15999999999998;58;58;4;0;2;0;2;0
Slocus_ubox;62526;266-p;75.15999999999998;58;58;4;0;2;0;2;0
Slocus_ubox;62526;46-m;75.15999999999998;58;58;4;0;2;0;2;0
Slocus_ubox;62526;46-p;75.15999999999998;58;58;4;0;2;0;2;0
Slocus_ubox;62526;47-m;75.15999999999998;58;58;4;0;2;0;2;0
Slocus_ubox;62526;48-m;75.15999999999998;58;58;0;0;0;0;0;0
Slocus_ubox;62526;48-p;75.15999999999998;58;58;4;2;3;1;2;0
Slocus_ubox;62526;50-m;75.15999999999998;58;58;4;0;2;0;2;0
Slocus_ubox;62526;50-p;75.15999999999998;58;58;4;0;4;0;2;0
Slocus_ubox;62526;51-m;75.15999999999998;58;58;0;0;0;0;0;0
Slocus_ubox;62526;51-p;75.15999999999998;58;58;4;0;2;0;2;0
Slocus_ubox;62526;55-m;75.15999999999998;58;58;4;0;2;0;2;0
Slocus_ubox;65027;10-m;0;0;12;NA;NA;NA;NA;0;0
Slocus_ubox;65027;12-m;0;0;12;NA;NA;NA;NA;0;0
Slocus_ubox;65027;12-p;0;0;12;NA;NA;NA;NA;0;0
Slocus_ubox;65027;17-m;0;0;12;NA;NA;NA;NA;0;0
Slocus_ubox;65027;17-p;0;0;12;NA;NA;NA;NA;0;0
Slocus_ubox;65027;191-m;0;0;12;NA;NA;NA;NA;0;0
Slocus_ubox;65027;191-p;0;0;12;NA;NA;NA;NA;0;0
Slocus_ubox;65027;205-m;0;0;12;NA;NA;NA;NA;0;0
Slocus_ubox;65027;205-p;0;0;12;NA;NA;NA;NA;0;0
Slocus_ubox;65027;206-m;0;0;12;NA;NA;NA;NA;0;0
Slocus_ubox;65027;206-p;0;0;12;NA;NA;NA;NA;0;0
Slocus_ubox;65027;208-m;0;0;12;NA;NA;NA;NA;0;0
Slocus_ubox;65027;208-p;0;0;12;NA;NA;NA;NA;0;0
Slocus_ubox;65027;266-m;0;0;12;NA;NA;NA;NA;0;0
Slocus_ubox;65027;266-p;0;0;12;NA;NA;NA;NA;0;0
Slocus_ubox;65027;46-m;0;0;12;NA;NA;NA;NA;0;0
Slocus_ubox;65027;46-p;0;0;12;NA;NA;NA;NA;0;0
Slocus_ubox;65027;47-m;0;0;12;NA;NA;NA;NA;0;0
Slocus_ubox;65027;48-m;0;0;12;NA;NA;NA;NA;0;0
Slocus_ubox;65027;48-p;0;0;12;NA;NA;NA;NA;0;0
Slocus_ubox;65027;50-m;0;0;12;NA;NA;NA;NA;0;0
Slocus_ubox;65027;50-p;0;0;12;NA;NA;NA;NA;0;0
Slocus_ubox;65027;51-m;0;0;12;NA;NA;NA;NA;0;0
Slocus_ubox;65027;51-p;0;0;12;NA;NA;NA;NA;0;0
Slocus_ubox;65027;55-m;0;0;12;NA;NA;NA;NA;0;0
Slocus_ubox;67528;10-m;1802.1199999999972;1484;1600;9;1;13;1;0;0
Slocus_ubox;67528;12-m;1802.1199999999972;1484;1600;14;0;14;0;2;0
Slocus_ubox;67528;12-p;1802.1199999999972;1484;1600;12;2;14;4;1;1
Slocus_ubox;67528;17-m;1802.1199999999972;1484;1600;9;1;13;1;0;0
Slocus_ubox;67528;17-p;1802.1199999999972;1484;1600;9;1;13;1;0;0
Slocus_ubox;67528;191-m;1802.1199999999972;1484;1600;11;3;13;5;1;1
Slocus_ubox;67528;191-p;1802.1199999999972;1484;1600;12;2;14;4;1;1
Slocus_ubox;67528;205-m;1802.1199999999972;1484;1600;12;2;14;4;1;1
Slocus_ubox;67528;205-p;1802.1199999999972;1484;1600;9;1;13;1;0;0
Slocus_ubox;67528;206-m;1802.1199999999972;1484;1600;9;1;13;1;0;0
Slocus_ubox;67528;206-p;1802.1199999999972;1484;1600;10;2;14;2;0;0
Slocus_ubox;67528;208-m;1802.1199999999972;1484;1600;8;0;12;0;0;0
Slocus_ubox;67528;208-p;1802.1199999999972;1484;1600;9;1;13;1;0;0
Slocus_ubox;67528;266-m;1802.1199999999972;1484;1600;12;2;14;4;1;1
Slocus_ubox;67528;266-p;1802.1199999999972;1484;1600;12;2;14;4;1;1
Slocus_ubox;67528;46-m;1802.1199999999972;1484;1600;12;2;14;4;1;1
Slocus_ubox;67528;46-p;1802.1199999999972;1484;1600;10;0;14;0;0;0
Slocus_ubox;67528;47-m;1802.1199999999972;1484;1600;10;0;14;0;0;0
Slocus_ubox;67528;48-m;1802.1199999999972;1484;1600;9;1;13;1;0;0
Slocus_ubox;67528;48-p;1802.1199999999972;1484;1600;9;1;13;1;0;0
Slocus_ubox;67528;50-m;1802.1199999999972;1484;1600;10;0;14;0;0;0
Slocus_ubox;67528;50-p;1802.1199999999972;1484;1600;9;1;13;1;0;0
Slocus_ubox;67528;51-m;1802.1199999999972;1484;1600;9;1;13;1;0;0
Slocus_ubox;67528;51-p;1802.1199999999972;1484;1600;9;1;13;1;0;0
Slocus_ubox;67528;55-m;1802.1199999999972;1484;1600;9;1;13;1;0;0
Slocus_ubox;70029;10-m;1692.8399999999974;1380;1329;20;2;22;2;7;1
Slocus_ubox;70029;12-m;1692.8399999999974;1380;1329;14;0;14;0;8;0
Slocus_ubox;70029;12-p;1692.8399999999974;1380;1329;16;10;17;11;7;5
Slocus_ubox;70029;17-m;1692.8399999999974;1380;1329;20;0;22;0;6;0
Slocus_ubox;70029;17-p;1692.8399999999974;1380;1329;20;2;22;2;8;2
Slocus_ubox;70029;191-m;1692.8399999999974;1380;1329;17;11;18;12;8;6
Slocus_ubox;70029;191-p;1692.8399999999974;1380;1329;17;9;18;10;7;5
Slocus_ubox;70029;205-m;1692.8399999999974;1380;1329;17;11;18;12;8;6
Slocus_ubox;70029;205-p;1692.8399999999974;1380;1329;20;2;22;2;7;1
Slocus_ubox;70029;206-m;1692.8399999999974;1380;1329;21;3;23;3;7;1
Slocus_ubox;70029;206-p;1692.8399999999974;1380;1329;20;2;22;2;6;0
Slocus_ubox;70029;208-m;1692.8399999999974;1380;1329;22;0;24;0;6;0
Slocus_ubox;70029;208-p;1692.8399999999974;1380;1329;20;0;22;0;6;0
Slocus_ubox;70029;266-m;1692.8399999999974;1380;1329;17;9;18;10;7;5
Slocus_ubox;70029;266-p;1692.8399999999974;1380;1329;17;11;18;12;8;6
Slocus_ubox;70029;46-m;1692.8399999999974;1380;1329;18;10;19;11;8;6
Slocus_ubox;70029;46-p;1692.8399999999974;1380;1329;20;2;22;2;7;1
Slocus_ubox;70029;47-m;1692.8399999999974;1380;1329;20;0;22;0;6;0
Slocus_ubox;70029;48-m;1692.8399999999974;1380;1329;22;6;23;7;7;5
Slocus_ubox;70029;48-p;1692.8399999999974;1380;1329;20;2;22;2;7;1
Slocus_ubox;70029;50-m;1692.8399999999974;1380;1329;20;2;22;2;7;1
Slocus_ubox;70029;50-p;1692.8399999999974;1380;1329;20;2;22;2;7;1
Slocus_ubox;70029;51-m;1692.8399999999974;1380;1329;21;1;23;1;6;0
Slocus_ubox;70029;51-p;1692.8399999999974;1380;1329;21;1;23;1;6;0
Slocus_ubox;70029;55-m;1692.8399999999974;1380;1329;20;0;22;0;6;0
Slocus_ubox;72530;10-m;2029.4399999999935;1644;1602;41;19;53;21;7;7
Slocus_ubox;72530;12-m;2029.4399999999935;1644;1602;52;0;72;0;16;0
Slocus_ubox;72530;12-p;2029.4399999999935;1644;1602;46;26;60;30;11;11
Slocus_ubox;72530;17-m;2029.4399999999935;1644;1602;41;5;51;5;6;2
Slocus_ubox;72530;17-p;2029.4399999999935;1644;1602;46;28;62;32;10;10
Slocus_ubox;72530;191-m;2029.4399999999935;1644;1602;51;11;71;15;14;6
Slocus_ubox;72530;191-p;2029.4399999999935;1644;1602;47;27;62;32;11;11
Slocus_ubox;72530;205-m;2029.4399999999935;1644;1602;49;23;66;26;12;10
Slocus_ubox;72530;205-p;2029.4399999999935;1644;1602;45;21;59;25;9;9
Slocus_ubox;72530;206-m;2029.4399999999935;1644;1602;41;9;54;12;6;2
Slocus_ubox;72530;206-p;2029.4399999999935;1644;1602;39;3;49;3;5;1
Slocus_ubox;72530;208-m;2029.4399999999935;1644;1602;36;0;48;0;4;0
Slocus_ubox;72530;208-p;2029.4399999999935;1644;1602;41;5;51;5;6;2
Slocus_ubox;72530;266-m;2029.4399999999935;1644;1602;46;26;60;30;11;11
Slocus_ubox;72530;266-p;2029.4399999999935;1644;1602;49;23;66;26;12;10
Slocus_ubox;72530;46-m;2029.4399999999935;1644;1602;46;20;63;23;10;8
Slocus_ubox;72530;46-p;2029.4399999999935;1644;1602;43;7;55;9;7;1
Slocus_ubox;72530;47-m;2029.4399999999935;1644;1602;42;0;52;0;6;0
Slocus_ubox;72530;48-m;2029.4399999999935;1644;1602;40;8;53;11;5;1
Slocus_ubox;72530;48-p;2029.4399999999935;1644;1602;45;21;59;25;9;9
Slocus_ubox;72530;50-m;2029.4399999999935;1644;1602;41;7;53;9;7;1
Slocus_ubox;72530;50-p;2029.4399999999935;1644;1602;45;21;59;25;9;9
Slocus_ubox;72530;51-m;2029.4399999999935;1644;1602;39;5;50;6;5;1
Slocus_ubox;72530;51-p;2029.4399999999935;1644;1602;39;5;50;6;5;1
Slocus_ubox;72530;55-m;2029.4399999999935;1644;1602;40;4;50;4;6;2
Slocus_ubox;75031;10-m;0;0;989;NA;NA;NA;NA;0;0
Slocus_ubox;75031;12-m;0;0;989;NA;NA;NA;NA;0;0
Slocus_ubox;75031;12-p;0;0;989;NA;NA;NA;NA;0;0
Slocus_ubox;75031;17-m;0;0;989;NA;NA;NA;NA;0;0
Slocus_ubox;75031;17-p;0;0;989;NA;NA;NA;NA;0;0
Slocus_ubox;75031;191-m;0;0;989;NA;NA;NA;NA;0;0
Slocus_ubox;75031;191-p;0;0;989;NA;NA;NA;NA;0;0
Slocus_ubox;75031;205-m;0;0;989;NA;NA;NA;NA;0;0
Slocus_ubox;75031;205-p;0;0;989;NA;NA;NA;NA;0;0
Slocus_ubox;75031;206-m;0;0;989;NA;NA;NA;NA;0;0
Slocus_ubox;75031;206-p;0;0;989;NA;NA;NA;NA;0;0
Slocus_ubox;75031;208-m;0;0;989;NA;NA;NA;NA;0;0
Slocus_ubox;75031;208-p;0;0;989;NA;NA;NA;NA;0;0
Slocus_ubox;75031;266-m;0;0;989;NA;NA;NA;NA;0;0
Slocus_ubox;75031;266-p;0;0;989;NA;NA;NA;NA;0;0
Slocus_ubox;75031;46-m;0;0;989;NA;NA;NA;NA;0;0
Slocus_ubox;75031;46-p;0;0;989;NA;NA;NA;NA;0;0
Slocus_ubox;75031;47-m;0;0;989;NA;NA;NA;NA;0;0
Slocus_ubox;75031;48-m;0;0;989;NA;NA;NA;NA;0;0
Slocus_ubox;75031;48-p;0;0;989;NA;NA;NA;NA;0;0
Slocus_ubox;75031;50-m;0;0;989;NA;NA;NA;NA;0;0
Slocus_ubox;75031;50-p;0;0;989;NA;NA;NA;NA;0;0
Slocus_ubox;75031;51-m;0;0;989;NA;NA;NA;NA;0;0
Slocus_ubox;75031;51-p;0;0;989;NA;NA;NA;NA;0;0
Slocus_ubox;75031;55-m;0;0;989;NA;NA;NA;NA;0;0